total_trades,win_rate,avg_win_pct,avg_loss_pct,profit_factor,expectancy_pct,max_drawdown_pct,sharpe_ratio,total_winners,total_losers,consecutive_periods,call_target,call_time_stop
620,0.43709677419354837,0.0026278426026926567,-0.0019053076201751718,1.077144729668493,8.226387278858936e-05,-0.01232326068917817,1.205476076142272,271,347,2,0.002,20
620,0.43709677419354837,0.002659791555618509,-0.0019097371058145393,1.0877117813106743,9.37495739596306e-05,-0.012106331772046943,1.252060708960297,271,347,2,0.002,25
620,0.43548387096774194,0.002672670099303605,-0.0019041300675705663,1.08901350187367,9.51349408022843e-05,-0.012106331772046801,1.2847951976117433,270,348,2,0.002,30
620,0.43870967741935485,0.002673839862556131,-0.001914049803735837,1.09818362810882,0.00010487614600430323,-0.01210633177204702,1.416072025102403,272,346,2,0.002,35
620,0.43870967741935485,0.002671556359183109,-0.001915867386015734,1.0962048047470863,0.00010286002280058331,-0.01210633177204725,1.3892355075722658,272,346,2,0.002,40
620,0.4306451612903226,0.0027284547820238523,-0.0019052516660350907,1.089352803855398,9.637756777750264e-05,-0.014563645865475773,1.409920419664562,267,351,2,0.0025,20
620,0.4338709677419355,0.002760828483272443,-0.001912055932960005,1.1129244599688433,0.0001215408732213635,-0.014921613035304116,1.6610214090133053,269,349,2,0.0025,25
620,0.4290322580645161,0.002781060952255625,-0.0019164328388686684,1.0966192784066626,0.00010512557099713721,-0.015029314134741838,1.4602516219968713,266,352,2,0.0025,30
620,0.4306451612903226,0.002794458126612697,-0.0019222525451522976,1.105837483313946,0.00011517689751150581,-0.014899165831354167,1.5730290873738497,267,351,2,0.0025,35
620,0.432258064516129,0.0027861356353930914,-0.001927535201602311,1.1067937209056995,0.00011620488665248337,-0.015086145341315601,1.621564640688742,268,350,2,0.0025,40
620,0.4290322580645161,0.0028032511772599017,-0.0019096051390539493,1.1093214524451684,0.00011852226484539316,-0.011219818302173876,1.4585984007534212,266,352,2,0.003,20
620,0.4290322580645161,0.0028176533885353587,-0.0019145151051458318,1.1153297603260905,0.00012500161200680384,-0.012838871201787047,1.4968155705604707,266,351,2,0.003,25
620,0.42258064516129035,0.0028369273468301336,-0.0019035410071644536,1.0999144686280693,0.00010889985052599043,-0.01384002773945556,1.280081199398482,262,355,2,0.003,30
620,0.4241935483870968,0.0028631434091857567,-0.0019266503363254272,1.1040600245168817,0.00011447177025266556,-0.01414651642360976,1.3516555771280891,263,354,2,0.003,35
620,0.4241935483870968,0.002865839967183366,-0.001933317403711338,1.1012888977677324,0.0001118089523474383,-0.01464369906782939,1.3528495311399007,263,354,2,0.003,40
620,0.4112903225806452,0.0028303263565779726,-0.001896894435841875,1.051053839204581,5.65442502461681e-05,-0.013562909097399987,0.5366839789672063,255,362,2,0.0035,20
620,0.42096774193548386,0.0028082243807355583,-0.0019208961461754273,1.0718115423660313,7.920570215085258e-05,-0.015371004622635315,0.8212157029919631,261,356,2,0.0035,25
620,0.4112903225806452,0.002844246734142771,-0.0018992279878912203,1.0549254660089804,6.090707353191101e-05,-0.016067109287363025,0.5590164495126324,255,362,2,0.0035,30
620,0.4161290322580645,0.002853823777070998,-0.001922868637977846,1.0666029813241549,7.415595717785627e-05,-0.016372905816783738,0.7179474381767126,258,359,2,0.0035,35
620,0.4112903225806452,0.0028577202985252347,-0.0019205293945188915,1.0481667308306044,5.4011347271122654e-05,-0.01755776807310971,0.49625173800606565,255,362,2,0.0035,40
620,0.42258064516129035,0.002949616845725333,-0.0018773186065705431,1.1595795792598544,0.00017153469072176512,-0.012499746268768064,2.0201801433149513,262,355,2,0.004,20
620,0.4290322580645161,0.002904003115935945,-0.001897835390322053,1.1596129513335949,0.0001714913013482595,-0.012563726278919858,1.904707119077874,266,351,2,0.004,25
620,0.41774193548387095,0.002944670230013268,-0.0018572429282909687,1.147056181825961,0.0001577042278149509,-0.01161554961240498,1.7504675448564095,259,358,2,0.004,30
620,0.4241935483870968,0.0029458452069350996,-0.0018890777131478401,1.1618261342291611,0.0001740529946495866,-0.011780991511395797,2.00647295675938,263,353,2,0.004,35
620,0.4161290322580645,0.0029899362351071494,-0.0018778140621751706,1.1442860324824,0.00015688435538186807,-0.012971385117942102,1.7525330260492027,258,359,2,0.004,40
620,0.432258064516129,0.0026032140654043225,-0.001949237859125687,1.0255442673436914,2.8027994666925394e-05,-0.013198696552415335,0.515533770411482,268,349,3,0.002,20
620,0.432258064516129,0.00262133797978269,-0.0019528367439858518,1.0307811048547297,3.383637892048181e-05,-0.012981959912116333,0.593710763433053,268,349,3,0.002,25
620,0.432258064516129,0.0026272078410122354,-0.0019519698929441362,1.0335480783144977,3.686162702221845e-05,-0.012981959912115901,0.6391904862442197,268,349,3,0.002,30
620,0.4338709677419355,0.0026321198938868027,-0.0019577621391887712,1.0392469968624023,4.3127462932028203e-05,-0.01298195991211644,0.7195137911908758,269,348,3,0.002,35
620,0.43548387096774194,0.0026220774428474714,-0.001961954701277707,1.039898203285494,4.381069068621445e-05,-0.012981959912116255,0.728853718028587,270,347,3,0.002,40
620,0.4306451612903226,0.00273515863606637,-0.0019226053887800812,1.0852644617284488,9.254108025272961e-05,-0.013119088257107774,1.384017594903628,267,350,3,0.0025,20
620,0.4290322580645161,0.002785990591965031,-0.001927213552724684,1.0955301256608325,0.00010422829105860359,-0.012372646147885238,1.538373761959993,266,351,3,0.0025,25
620,0.4274193548387097,0.0028117138267669773,-0.0019362490634151604,1.0932339405309566,0.00010249111898566521,-0.012372646147884726,1.5070033466586883,265,352,3,0.0025,30
620,0.4290322580645161,0.00281764275537384,-0.0019419470145935196,1.0995704821691785,0.00010946704968889669,-0.01237264614788551,1.587724005481379,266,351,3,0.0025,35
620,0.4306451612903226,0.0028045589459715953,-0.0019460584543657066,1.0993903187741945,0.0001091883541071268,-0.012372646147885248,1.587860500841234,267,350,3,0.0025,40
620,0.4274193548387097,0.0027815027261673506,-0.00193048782358255,1.0847149696705294,9.28492073117583e-05,-0.011837344647042712,1.4302671282540012,265,352,3,0.003,20
620,0.4274193548387097,0.002845413198381256,-0.001936377260402252,1.1062634863640264,0.00011682209985393579,-0.011518628638678035,1.7302964685445168,265,352,3,0.003,25
620,0.4241935483870968,0.002852144248376606,-0.0019433656839019258,1.0903588255129009,0.00010026207293833183,-0.012517260990995887,1.5035661166076941,263,354,3,0.003,30
620,0.4274193548387097,0.0028625724535886543,-0.001954959471054121,1.102356176793916,0.00011360639740313347,-0.012433921351416714,1.6690147907590849,265,352,3,0.003,35
620,0.4274193548387097,0.002849303468881584,-0.001958869117003501,1.0950564257555035,0.00010571530656191512,-0.01250442255702248,1.5738857565445268,265,352,3,0.003,40
620,0.41935483870967744,0.0027748465615238618,-0.001928782118579073,1.0536607370763462,5.926202242037595e-05,-0.016141173147895274,0.8845736753534414,260,355,3,0.0035,20
620,0.4161290322580645,0.002799476985635839,-0.0019282800615649902,1.043354871765571,4.840729063260476e-05,-0.01646535335239488,0.7576275956158472,258,359,3,0.0035,25
620,0.4129032258064516,0.0028072083053129527,-0.0019306809981834696,1.0310907273416838,3.4950783574005305e-05,-0.01700737281128318,0.5413621629470815,256,361,3,0.0035,30
620,0.41774193548387095,0.0028300087295929934,-0.0019473263443173549,1.0513946756562444,5.778940274027796e-05,-0.017295300016399538,0.8586587707590764,259,358,3,0.0035,35
620,0.41774193548387095,0.0028055000683941326,-0.0019520625161243725,1.0397604620840064,4.481634990573382e-05,-0.016953316427898404,0.7063321515146318,259,358,3,0.0035,40
620,0.42096774193548386,0.002877055382143099,-0.001911954644861263,1.1125932944204315,0.000122566879198908,-0.01124905364812985,1.64017234031603,261,353,3,0.004,20
620,0.41451612903225804,0.0028748197936613357,-0.0019046560366711843,1.0805198350967962,8.880188678388396e-05,-0.011818359446823077,1.193321558005876,257,359,3,0.004,25
620,0.4080645161290323,0.0028924764826299227,-0.0019057367629511225,1.0578420360998502,6.453887928082755e-05,-0.011859950088890125,0.8884268782018809,253,363,3,0.004,30
620,0.4112903225806452,0.0029155757601371478,-0.0019208096982675242,1.0751713189633112,8.383923783655478e-05,-0.01214938501949395,1.142611315621322,255,360,3,0.004,35
620,0.4096774193548387,0.0029230513898150404,-0.00191860476530374,1.0719572023925263,8.038505280382271e-05,-0.011805610640252531,1.0918289966018149,254,361,3,0.004,40
618,0.43851132686084143,0.0025610438567295487,-0.0019475269993875744,1.0389836163799548,4.2137741721309975e-05,-0.008918614225159575,0.6148936425325457,271,343,4,0.002,20
618,0.4368932038834951,0.0025829199499484284,-0.0019604494645401914,1.034095424467337,3.720674868001598e-05,-0.008918614225159377,0.5457168179237581,270,344,4,0.002,25
618,0.4368932038834951,0.0025887463307244216,-0.0019595700139193816,1.0368932154353037,4.024178722868381e-05,-0.008918614225159204,0.594406002026349,270,344,4,0.002,30
618,0.43851132686084143,0.0025937640566784676,-0.0019654688530275684,1.0426522208425324,4.6527900924609455e-05,-0.008918614225159213,0.6822671458603017,271,343,4,0.002,35
618,0.4401294498381877,0.0025839364612982797,-0.001969745244134877,1.0433128768940942,4.721333977185132e-05,-0.008918614225159462,0.6923763792446942,272,342,4,0.002,40
618,0.4449838187702265,0.0027144912634926516,-0.001910816407066951,1.1523979636754489,0.00015973840690094315,-0.006791333455778552,2.2929709306237056,275,339,4,0.0025,20
618,0.44336569579288027,0.0027673661423717882,-0.0019299675730840727,1.1555487094016441,0.00016516075754253266,-0.006791333455778411,2.3509272542806636,274,340,4,0.0025,25
618,0.441747572815534,0.0027866215073852592,-0.0019350323187986341,1.1529169649264825,0.00016327127962110236,-0.006791333455778993,2.3546140217727425,273,341,4,0.0025,30
618,0.44336569579288027,0.0027924689063955036,-0.0019409110367956564,1.1594562399502752,0.0001702697861518524,-0.006791333455778718,2.436962987314284,274,340,4,0.0025,35
618,0.4449838187702265,0.002779857258172155,-0.0019451528301362689,1.1593158200385534,0.0001699901886426334,-0.0067913334557779675,2.438512988260038,275,339,4,0.0025,40
618,0.44336569579288027,0.0027506911474674714,-0.0019229615695615537,1.1527705437404976,0.00016162207241935097,-0.007929203136630104,2.2244810392327112,274,340,4,0.003,20
618,0.441747572815534,0.0028329858845668153,-0.001937885700964208,1.1703736096632722,0.00018217819167952405,-0.007929203136630203,2.483263116022521,273,341,4,0.003,25
618,0.43527508090614886,0.0028390685196343925,-0.0019287918892410033,1.1476875961845894,0.00015902302587945865,-0.008644515784081154,2.1888050864790864,269,345,4,0.003,30
618,0.4401294498381877,0.0028530807603716615,-0.0019490160808550581,1.1642371165324032,0.00017714315075835282,-0.007929203136630406,2.4304316875148895,272,342,4,0.003,35
618,0.4401294498381877,0.0028414800158152844,-0.001953040043937461,1.1571142874971145,0.0001698104680827601,-0.00792920313663046,2.334190296397732,272,342,4,0.003,40
618,0.44336569579288027,0.002745062823301497,-0.0019338063213332653,1.1439603142306198,0.0001531602982707115,-0.011820717418061876,2.0717316834328057,274,340,4,0.0035,20
618,0.4368932038834951,0.002817146968102487,-0.001929710697988459,1.1458364184001784,0.00015664919300912889,-0.012940224124433686,2.102495348041111,270,344,4,0.0035,25
618,0.42880258899676377,0.0028267581291792922,-0.0019195881071895227,1.1181525180838932,0.0001280819657336069,-0.013710615330744615,1.7577833649723018,265,349,4,0.0035,30
618,0.43527508090614886,0.0028335054673197823,-0.0019477201374095427,1.1343071913376876,0.00014603482735069432,-0.013095702784187474,1.9899270261584074,269,345,4,0.0035,35
618,0.4368932038834951,0.002816202865641708,-0.0019521985885492617,1.1322576489115574,0.00014371918974484643,-0.01247676525196145,1.9560623173355949,270,344,4,0.0035,40
618,0.4401294498381877,0.0028375510525196204,-0.001909044762575539,1.1821439672937135,0.00019242811890696188,-0.009791556386671485,2.410860396134995,272,342,4,0.004,20
618,0.4320388349514563,0.0028792748645610627,-0.001915261912599694,1.1567426277005162,0.00016856068797040439,-0.009968506308890011,2.1207122398386504,267,347,4,0.004,25
618,0.42071197411003236,0.002903498035266061,-0.001890978268605643,1.1277298722429625,0.00013835466356436614,-0.009999060461081585,1.7629825282473537,260,354,4,0.004,30
618,0.4255663430420712,0.0029023613263558594,-0.0019179647195983612,1.1370997615064693,0.00014892132196143136,-0.00938183390639269,1.882834094356938,263,350,4,0.004,35
618,0.4255663430420712,0.0029172844827708194,-0.0019148817077329365,1.1447865956871675,0.00015701815738219718,-0.00920736951745819,1.9431277394020534,263,350,4,0.004,40
