ticker,strat_combo,dealer_regime,n,hit_pct,hit_ci_lo,hit_ci_hi,mean_bps,std_bps
IWM,11_inside_compression,GEX_HIGH_VEX_HIGH,37,51.35,35.14,70.27,-11.39,68.91
IWM,11_inside_compression,GEX_HIGH_VEX_LOW,42,54.76,42.86,69.05,-6.26,83.17
IWM,11_inside_compression,GEX_HIGH_VEX_MID,30,73.33,56.67,90.0,47.16,93.1
IWM,212_bear_continuation,GEX_HIGH_VEX_HIGH,30,46.67,30.0,66.67,7.36,66.16
IWM,212_bear_continuation,GEX_HIGH_VEX_LOW,45,51.11,37.78,66.67,-12.03,80.62
IWM,212_bear_continuation,GEX_HIGH_VEX_MID,38,65.79,52.63,78.95,34.26,107.16
IWM,212_bear_continuation,GEX_LOW_VEX_LOW,39,48.72,33.33,64.1,41.72,142.07
IWM,212_bear_continuation,GEX_LOW_VEX_MID,42,47.62,30.95,64.29,-19.08,116.94
IWM,212_bear_continuation,GEX_MID_VEX_HIGH,44,56.82,43.18,72.73,20.15,91.94
IWM,212_bear_continuation,GEX_MID_VEX_LOW,32,53.12,34.38,68.75,20.8,116.65
IWM,212_bear_reversal,GEX_HIGH_VEX_HIGH,67,52.24,41.01,64.96,-7.35,88.35
IWM,212_bear_reversal,GEX_HIGH_VEX_LOW,68,39.71,26.47,51.47,-14.15,96.43
IWM,212_bear_reversal,GEX_HIGH_VEX_MID,36,58.33,41.67,75.0,4.26,110.36
IWM,212_bear_reversal,GEX_LOW_VEX_HIGH,34,55.88,38.24,70.59,17.54,95.63
IWM,212_bear_reversal,GEX_LOW_VEX_LOW,78,53.85,42.31,65.38,9.31,116.84
IWM,212_bear_reversal,GEX_LOW_VEX_MID,54,59.26,46.3,72.22,42.99,132.52
IWM,212_bear_reversal,GEX_MID_VEX_HIGH,69,47.83,37.68,58.73,-23.7,158.04
IWM,212_bear_reversal,GEX_MID_VEX_LOW,36,47.22,30.56,65.35,16.97,150.43
IWM,212_bear_reversal,GEX_MID_VEX_MID,48,58.33,43.75,72.92,16.6,123.59
IWM,212_bull_continuation,GEX_HIGH_VEX_HIGH,33,48.48,30.3,63.64,0.86,60.81
IWM,212_bull_continuation,GEX_HIGH_VEX_LOW,45,46.67,33.33,60.0,-13.79,88.35
IWM,212_bull_continuation,GEX_HIGH_VEX_MID,37,43.24,27.03,59.46,-4.56,95.43
IWM,212_bull_continuation,GEX_LOW_VEX_LOW,45,35.56,22.22,51.11,-30.27,96.79
IWM,212_bull_continuation,GEX_LOW_VEX_MID,40,45.0,30.0,60.0,-0.57,126.08
IWM,212_bull_continuation,GEX_MID_VEX_HIGH,44,52.27,38.64,65.91,15.25,118.29
IWM,212_bull_continuation,GEX_MID_VEX_MID,32,50.0,31.25,67.27,-14.15,116.9
IWM,212_bull_reversal,GEX_HIGH_VEX_HIGH,88,57.95,47.73,68.18,3.02,71.22
IWM,212_bull_reversal,GEX_HIGH_VEX_LOW,86,47.67,38.37,57.59,-0.81,114.98
IWM,212_bull_reversal,GEX_HIGH_VEX_MID,54,66.67,53.7,79.63,9.04,140.31
IWM,212_bull_reversal,GEX_LOW_VEX_HIGH,36,58.33,41.67,75.0,14.45,84.42
IWM,212_bull_reversal,GEX_LOW_VEX_LOW,72,51.39,40.28,62.5,2.24,136.68
IWM,212_bull_reversal,GEX_LOW_VEX_MID,65,50.77,38.46,63.08,-14.09,136.6
IWM,212_bull_reversal,GEX_MID_VEX_HIGH,82,50.0,40.24,62.2,22.14,120.69
IWM,212_bull_reversal,GEX_MID_VEX_LOW,40,52.5,37.5,67.5,-3.61,121.38
IWM,212_bull_reversal,GEX_MID_VEX_MID,60,48.33,35.0,61.67,-9.49,100.6
IWM,22_bear_continuation,GEX_HIGH_VEX_HIGH,253,54.55,47.83,60.29,3.9,86.73
IWM,22_bear_continuation,GEX_HIGH_VEX_LOW,313,49.52,44.09,54.8,-1.47,101.33
IWM,22_bear_continuation,GEX_HIGH_VEX_MID,179,54.75,48.04,61.75,7.93,147.15
IWM,22_bear_continuation,GEX_LOW_VEX_HIGH,161,49.69,42.86,57.14,-2.64,82.0
IWM,22_bear_continuation,GEX_LOW_VEX_LOW,424,49.53,45.05,54.25,-3.34,129.09
IWM,22_bear_continuation,GEX_LOW_VEX_MID,366,52.46,47.54,57.52,9.72,147.39
IWM,22_bear_continuation,GEX_MID_VEX_HIGH,445,50.11,45.62,54.61,-0.92,153.87
IWM,22_bear_continuation,GEX_MID_VEX_LOW,166,54.82,47.88,62.65,7.78,103.06
IWM,22_bear_continuation,GEX_MID_VEX_MID,289,51.56,45.33,57.79,10.13,122.75
IWM,22_bear_reversal,GEX_HIGH_VEX_HIGH,285,54.04,48.07,59.48,2.92,76.35
IWM,22_bear_reversal,GEX_HIGH_VEX_LOW,253,46.25,40.32,53.17,1.02,98.99
IWM,22_bear_reversal,GEX_HIGH_VEX_MID,205,51.22,44.88,58.3,4.27,137.23
IWM,22_bear_reversal,GEX_LOW_VEX_HIGH,134,56.72,48.51,64.93,15.04,90.58
IWM,22_bear_reversal,GEX_LOW_VEX_LOW,300,50.33,44.49,55.84,-2.05,134.11
IWM,22_bear_reversal,GEX_LOW_VEX_MID,287,50.52,44.6,55.93,-2.21,145.32
IWM,22_bear_reversal,GEX_MID_VEX_HIGH,348,52.01,46.4,56.9,8.03,158.18
IWM,22_bear_reversal,GEX_MID_VEX_LOW,141,53.19,45.39,60.99,2.09,112.89
IWM,22_bear_reversal,GEX_MID_VEX_MID,254,53.15,47.24,59.06,14.43,128.98
IWM,22_bull_continuation,GEX_HIGH_VEX_HIGH,395,56.46,51.01,61.77,6.51,91.4
IWM,22_bull_continuation,GEX_HIGH_VEX_LOW,344,49.42,44.48,54.07,1.75,92.1
IWM,22_bull_continuation,GEX_HIGH_VEX_MID,280,55.0,48.74,60.71,-0.27,110.74
IWM,22_bull_continuation,GEX_LOW_VEX_HIGH,229,59.83,52.84,65.94,20.43,80.58
IWM,22_bull_continuation,GEX_LOW_VEX_LOW,458,51.53,46.94,56.11,4.54,127.91
IWM,22_bull_continuation,GEX_LOW_VEX_MID,429,51.98,46.85,56.64,-0.08,124.29
IWM,22_bull_continuation,GEX_MID_VEX_HIGH,504,55.56,51.58,59.52,3.8,123.04
IWM,22_bull_continuation,GEX_MID_VEX_LOW,183,55.19,48.63,61.75,10.1,102.07
IWM,22_bull_continuation,GEX_MID_VEX_MID,413,59.08,54.48,63.68,18.36,126.12
IWM,22_bull_reversal,GEX_HIGH_VEX_HIGH,241,47.72,41.91,53.53,-5.36,96.49
IWM,22_bull_reversal,GEX_HIGH_VEX_LOW,230,46.52,40.0,53.04,-4.07,93.89
IWM,22_bull_reversal,GEX_HIGH_VEX_MID,187,50.8,43.85,57.5,3.15,121.42
IWM,22_bull_reversal,GEX_LOW_VEX_HIGH,137,56.2,47.45,63.5,8.91,82.17
IWM,22_bull_reversal,GEX_LOW_VEX_LOW,323,50.15,44.58,55.42,-1.63,145.97
IWM,22_bull_reversal,GEX_LOW_VEX_MID,272,50.37,44.66,55.71,0.71,140.91
IWM,22_bull_reversal,GEX_MID_VEX_HIGH,338,53.55,48.37,58.58,-0.03,152.31
IWM,22_bull_reversal,GEX_MID_VEX_LOW,139,46.04,37.75,53.96,-11.56,115.22
IWM,22_bull_reversal,GEX_MID_VEX_MID,254,53.54,47.43,59.45,9.93,120.04
IWM,322_bear_continuation,GEX_HIGH_VEX_HIGH,30,50.0,33.33,66.67,14.67,90.91
IWM,322_bear_continuation,GEX_HIGH_VEX_LOW,39,41.03,28.21,56.41,-20.21,88.96
IWM,322_bear_continuation,GEX_LOW_VEX_LOW,36,52.78,37.43,69.44,5.35,74.84
IWM,322_bear_continuation,GEX_MID_VEX_HIGH,42,52.38,35.71,66.67,8.84,95.83
IWM,322_bear_continuation,GEX_MID_VEX_MID,42,40.48,23.81,57.14,-44.77,103.63
IWM,322_bull_continuation,GEX_HIGH_VEX_HIGH,41,48.78,32.87,63.41,4.13,64.41
IWM,322_bull_continuation,GEX_HIGH_VEX_LOW,38,52.63,36.84,68.42,5.32,91.93
IWM,322_bull_continuation,GEX_HIGH_VEX_MID,34,52.94,35.29,69.19,-0.14,94.68
IWM,322_bull_continuation,GEX_LOW_VEX_LOW,50,58.0,44.95,72.0,-6.37,121.37
IWM,322_bull_continuation,GEX_LOW_VEX_MID,46,56.52,43.48,69.57,21.89,117.14
IWM,322_bull_continuation,GEX_MID_VEX_HIGH,49,57.14,40.82,71.43,23.92,127.95
IWM,322_bull_continuation,GEX_MID_VEX_MID,37,54.05,37.84,70.27,8.99,105.13
IWM,clean_2d_bear,GEX_HIGH_VEX_HIGH,43,62.79,48.84,76.74,27.9,110.47
IWM,clean_2d_bear,GEX_HIGH_VEX_LOW,55,58.18,44.5,69.09,2.22,85.92
IWM,clean_2d_bear,GEX_HIGH_VEX_MID,31,58.06,38.71,74.19,21.17,166.77
IWM,clean_2d_bear,GEX_LOW_VEX_LOW,49,51.02,38.78,65.31,17.15,157.12
IWM,clean_2d_bear,GEX_MID_VEX_HIGH,45,40.0,25.5,55.56,-18.48,114.29
IWM,clean_2d_bear,GEX_MID_VEX_MID,46,56.52,41.3,69.57,-23.65,117.27
IWM,clean_2u_bull,GEX_HIGH_VEX_HIGH,43,39.53,26.69,53.49,-26.09,87.78
IWM,clean_2u_bull,GEX_HIGH_VEX_LOW,40,57.5,40.0,70.0,-1.81,66.83
IWM,clean_2u_bull,GEX_HIGH_VEX_MID,40,50.0,35.0,65.0,14.54,94.12
IWM,clean_2u_bull,GEX_LOW_VEX_LOW,59,54.24,42.37,66.99,-0.79,101.54
IWM,clean_2u_bull,GEX_LOW_VEX_MID,45,60.0,45.5,75.56,1.89,150.21
IWM,clean_2u_bull,GEX_MID_VEX_HIGH,53,45.28,32.08,60.38,2.02,150.04
IWM,clean_2u_bull,GEX_MID_VEX_MID,49,65.31,53.06,79.59,38.3,122.6
IWM,f2u_bear_reversal,GEX_MID_VEX_MID,30,53.33,36.67,73.33,27.69,110.73
IWM,none,GEX_HIGH_VEX_HIGH,444,52.03,47.3,56.98,-3.05,91.31
IWM,none,GEX_HIGH_VEX_LOW,484,48.14,43.6,52.9,-6.74,96.6
IWM,none,GEX_HIGH_VEX_MID,370,55.95,50.81,60.54,10.8,113.19
IWM,none,GEX_LOW_VEX_HIGH,220,54.55,48.4,61.36,4.74,86.35
IWM,none,GEX_LOW_VEX_LOW,494,52.43,48.27,56.88,12.47,129.14
IWM,none,GEX_LOW_VEX_MID,437,51.95,47.37,56.29,-3.54,143.52
IWM,none,GEX_MID_VEX_HIGH,514,49.22,44.36,53.7,-1.3,137.56
IWM,none,GEX_MID_VEX_LOW,259,52.51,46.52,57.92,9.25,117.19
IWM,none,GEX_MID_VEX_MID,415,54.94,50.23,58.8,6.84,118.59
QQQ,11_inside_compression,GEX_MID_VEX_HIGH,36,61.11,44.44,77.78,11.16,69.18
QQQ,212_bear_continuation,GEX_HIGH_VEX_HIGH,30,70.0,54.92,86.67,14.28,50.61
QQQ,212_bear_continuation,GEX_HIGH_VEX_LOW,55,52.73,38.18,65.45,0.1,109.41
QQQ,212_bear_continuation,GEX_LOW_VEX_LOW,35,51.43,37.14,68.57,-3.17,125.05
QQQ,212_bear_continuation,GEX_LOW_VEX_MID,40,57.5,42.5,72.5,20.5,148.02
QQQ,212_bear_continuation,GEX_MID_VEX_HIGH,54,55.56,42.59,68.52,15.96,108.72
QQQ,212_bear_continuation,GEX_MID_VEX_MID,41,48.78,34.15,63.41,-9.02,124.18
QQQ,212_bear_reversal,GEX_HIGH_VEX_HIGH,45,64.44,51.11,80.0,11.2,51.75
QQQ,212_bear_reversal,GEX_HIGH_VEX_LOW,93,60.22,50.54,69.89,13.91,82.32
QQQ,212_bear_reversal,GEX_HIGH_VEX_MID,31,54.84,38.71,70.97,-4.15,109.85
QQQ,212_bear_reversal,GEX_LOW_VEX_LOW,63,58.73,47.62,72.26,23.89,115.71
QQQ,212_bear_reversal,GEX_LOW_VEX_MID,61,50.82,37.7,62.3,29.44,183.26
QQQ,212_bear_reversal,GEX_MID_VEX_HIGH,107,64.49,56.07,73.83,22.17,91.2
QQQ,212_bear_reversal,GEX_MID_VEX_MID,47,48.94,34.04,61.7,-20.4,127.11
QQQ,212_bull_continuation,GEX_HIGH_VEX_HIGH,38,65.79,50.0,81.58,15.82,49.51
QQQ,212_bull_continuation,GEX_HIGH_VEX_LOW,56,57.14,43.71,69.64,15.71,65.97
QQQ,212_bull_continuation,GEX_LOW_VEX_LOW,44,68.18,52.27,81.82,38.96,108.8
QQQ,212_bull_continuation,GEX_LOW_VEX_MID,45,55.56,42.22,68.89,8.22,174.39
QQQ,212_bull_continuation,GEX_MID_VEX_HIGH,82,51.22,41.46,62.2,-1.83,61.47
QQQ,212_bull_continuation,GEX_MID_VEX_MID,43,55.81,39.53,69.77,15.68,107.18
QQQ,212_bull_reversal,GEX_HIGH_VEX_HIGH,58,56.9,44.83,69.87,0.09,48.36
QQQ,212_bull_reversal,GEX_HIGH_VEX_LOW,74,59.46,47.3,70.27,9.31,87.89
QQQ,212_bull_reversal,GEX_HIGH_VEX_MID,46,60.87,47.83,73.91,5.27,130.42
QQQ,212_bull_reversal,GEX_LOW_VEX_HIGH,30,60.0,43.33,76.67,8.81,95.5
QQQ,212_bull_reversal,GEX_LOW_VEX_LOW,63,57.14,45.2,68.25,22.53,191.99
QQQ,212_bull_reversal,GEX_LOW_VEX_MID,75,58.67,47.3,70.67,16.78,145.7
QQQ,212_bull_reversal,GEX_MID_VEX_HIGH,101,61.39,52.48,70.3,10.55,73.75
QQQ,212_bull_reversal,GEX_MID_VEX_MID,49,48.98,34.69,63.27,-8.63,109.44
QQQ,22_bear_continuation,GEX_HIGH_VEX_HIGH,175,56.0,48.27,63.43,0.69,61.92
QQQ,22_bear_continuation,GEX_HIGH_VEX_LOW,355,57.46,52.53,62.96,10.06,90.19
QQQ,22_bear_continuation,GEX_HIGH_VEX_MID,163,56.44,49.69,63.8,6.81,98.3
QQQ,22_bear_continuation,GEX_LOW_VEX_HIGH,169,53.25,46.15,60.95,1.96,138.03
QQQ,22_bear_continuation,GEX_LOW_VEX_LOW,341,51.61,46.92,56.6,-3.04,146.78
QQQ,22_bear_continuation,GEX_LOW_VEX_MID,415,55.66,50.96,60.24,27.4,166.66
QQQ,22_bear_continuation,GEX_MID_VEX_HIGH,429,58.04,53.38,62.7,12.16,113.67
QQQ,22_bear_continuation,GEX_MID_VEX_LOW,105,51.43,41.9,60.0,5.07,117.37
QQQ,22_bear_continuation,GEX_MID_VEX_MID,266,47.74,42.48,54.33,-8.54,124.33
QQQ,22_bear_reversal,GEX_HIGH_VEX_HIGH,205,55.61,48.78,62.44,-2.07,56.45
QQQ,22_bear_reversal,GEX_HIGH_VEX_LOW,351,52.99,47.58,58.27,-1.39,82.35
QQQ,22_bear_reversal,GEX_HIGH_VEX_MID,179,58.66,51.4,64.8,6.79,76.31
QQQ,22_bear_reversal,GEX_LOW_VEX_HIGH,129,51.94,44.19,59.69,21.08,137.35
QQQ,22_bear_reversal,GEX_LOW_VEX_LOW,258,52.33,46.31,59.12,-0.54,132.77
QQQ,22_bear_reversal,GEX_LOW_VEX_MID,321,52.65,47.35,57.94,-0.24,149.55
QQQ,22_bear_reversal,GEX_MID_VEX_HIGH,417,60.19,55.88,65.35,6.19,96.67
QQQ,22_bear_reversal,GEX_MID_VEX_LOW,67,43.28,31.34,53.73,-13.55,96.12
QQQ,22_bear_reversal,GEX_MID_VEX_MID,259,56.37,50.97,62.16,8.76,115.41
QQQ,22_bull_continuation,GEX_HIGH_VEX_HIGH,311,53.7,48.06,59.49,-2.34,55.54
QQQ,22_bull_continuation,GEX_HIGH_VEX_LOW,578,54.33,50.0,58.4,2.85,80.33
QQQ,22_bull_continuation,GEX_HIGH_VEX_MID,313,60.38,54.95,65.34,-0.57,92.54
QQQ,22_bull_continuation,GEX_LOW_VEX_HIGH,230,60.87,54.78,67.39,10.86,91.24
QQQ,22_bull_continuation,GEX_LOW_VEX_LOW,408,54.17,48.4,58.95,-3.68,120.19
QQQ,22_bull_continuation,GEX_LOW_VEX_MID,512,53.52,49.61,57.81,-3.23,139.49
QQQ,22_bull_continuation,GEX_MID_VEX_HIGH,732,57.65,54.23,61.61,5.12,81.85
QQQ,22_bull_continuation,GEX_MID_VEX_LOW,137,60.58,52.55,69.34,14.4,83.6
QQQ,22_bull_continuation,GEX_MID_VEX_MID,428,59.81,54.89,64.25,11.2,112.95
QQQ,22_bull_reversal,GEX_HIGH_VEX_HIGH,199,54.27,47.47,61.31,-2.32,59.2
QQQ,22_bull_reversal,GEX_HIGH_VEX_LOW,343,58.31,52.91,62.97,1.67,85.0
QQQ,22_bull_reversal,GEX_HIGH_VEX_MID,153,58.17,50.33,65.36,5.7,70.07
QQQ,22_bull_reversal,GEX_LOW_VEX_HIGH,140,57.14,50.0,65.71,14.81,115.9
QQQ,22_bull_reversal,GEX_LOW_VEX_LOW,294,54.08,48.12,59.18,2.71,120.76
QQQ,22_bull_reversal,GEX_LOW_VEX_MID,336,51.49,45.83,56.7,-2.37,159.57
QQQ,22_bull_reversal,GEX_MID_VEX_HIGH,415,57.35,52.89,61.93,11.19,94.57
QQQ,22_bull_reversal,GEX_MID_VEX_LOW,72,54.17,41.67,65.28,-10.95,114.12
QQQ,22_bull_reversal,GEX_MID_VEX_MID,252,55.56,48.41,61.9,11.75,120.31
QQQ,312_bull_reversal,GEX_MID_VEX_HIGH,34,52.94,35.29,69.19,-1.35,70.96
QQQ,322_bear_continuation,GEX_LOW_VEX_LOW,38,60.53,44.74,76.32,13.07,76.11
QQQ,322_bear_continuation,GEX_LOW_VEX_MID,40,45.0,30.0,60.0,-27.55,168.18
QQQ,322_bear_continuation,GEX_MID_VEX_HIGH,31,64.52,45.16,80.65,19.85,72.34
QQQ,322_bull_continuation,GEX_HIGH_VEX_LOW,53,71.7,58.49,83.02,19.88,85.42
QQQ,322_bull_continuation,GEX_HIGH_VEX_MID,32,53.12,37.5,68.75,-7.42,91.2
QQQ,322_bull_continuation,GEX_LOW_VEX_LOW,43,60.47,46.51,74.42,19.92,95.16
QQQ,322_bull_continuation,GEX_LOW_VEX_MID,44,68.18,54.55,81.82,49.18,122.7
QQQ,322_bull_continuation,GEX_MID_VEX_HIGH,54,59.26,46.3,72.22,-3.66,83.38
QQQ,322_bull_continuation,GEX_MID_VEX_MID,40,60.0,45.0,75.0,29.73,119.05
QQQ,32_bull_reversal,GEX_HIGH_VEX_LOW,31,54.84,38.71,72.66,-11.44,84.71
QQQ,clean_2d_bear,GEX_HIGH_VEX_LOW,40,62.5,47.5,77.5,4.13,77.55
QQQ,clean_2d_bear,GEX_LOW_VEX_LOW,36,58.33,41.67,75.0,27.63,111.37
QQQ,clean_2d_bear,GEX_LOW_VEX_MID,39,33.33,20.51,47.5,-61.25,204.88
QQQ,clean_2d_bear,GEX_MID_VEX_HIGH,45,60.0,45.5,73.33,9.89,73.72
QQQ,clean_2u_bull,GEX_HIGH_VEX_LOW,60,55.0,43.33,66.67,2.11,89.55
QQQ,clean_2u_bull,GEX_HIGH_VEX_MID,32,62.5,46.88,81.25,13.64,114.39
QQQ,clean_2u_bull,GEX_LOW_VEX_LOW,39,66.67,53.85,82.05,27.09,135.89
QQQ,clean_2u_bull,GEX_LOW_VEX_MID,52,61.54,48.08,73.08,3.57,170.08
QQQ,clean_2u_bull,GEX_MID_VEX_HIGH,70,61.43,50.0,72.86,18.77,70.75
QQQ,clean_2u_bull,GEX_MID_VEX_MID,42,66.67,50.0,80.95,18.33,109.01
QQQ,none,GEX_HIGH_VEX_HIGH,308,58.77,53.25,64.46,7.63,49.39
QQQ,none,GEX_HIGH_VEX_LOW,574,59.41,55.23,63.59,9.81,84.77
QQQ,none,GEX_HIGH_VEX_MID,302,56.62,50.99,61.92,-1.57,106.25
QQQ,none,GEX_LOW_VEX_HIGH,192,55.73,48.16,63.54,-8.81,130.05
QQQ,none,GEX_LOW_VEX_LOW,446,56.05,51.35,60.76,15.45,126.73
QQQ,none,GEX_LOW_VEX_MID,472,54.45,50.42,58.37,3.02,165.29
QQQ,none,GEX_MID_VEX_HIGH,666,60.36,56.76,64.26,14.24,86.1
QQQ,none,GEX_MID_VEX_LOW,116,51.72,43.1,60.34,-4.52,99.76
QQQ,none,GEX_MID_VEX_MID,371,55.26,50.4,60.25,2.98,116.73
SPY,212_bear_continuation,GEX_HIGH_VEX_LOW,36,52.78,36.11,69.44,2.72,55.87
SPY,212_bear_continuation,GEX_HIGH_VEX_MID,39,61.54,46.15,74.36,5.51,55.3
SPY,212_bear_continuation,GEX_LOW_VEX_HIGH,31,61.29,45.16,77.42,5.28,114.47
SPY,212_bear_continuation,GEX_LOW_VEX_LOW,30,40.0,23.33,56.67,-6.3,96.93
SPY,212_bear_continuation,GEX_MID_VEX_MID,37,59.46,43.24,75.68,19.73,100.12
SPY,212_bear_reversal,GEX_HIGH_VEX_HIGH,61,63.93,52.46,75.41,14.45,36.66
SPY,212_bear_reversal,GEX_HIGH_VEX_LOW,57,57.89,45.61,70.18,8.95,65.52
SPY,212_bear_reversal,GEX_HIGH_VEX_MID,40,42.5,27.5,60.0,-2.52,52.92
SPY,212_bear_reversal,GEX_LOW_VEX_HIGH,31,54.84,37.02,70.97,19.23,101.49
SPY,212_bear_reversal,GEX_LOW_VEX_LOW,60,56.67,43.33,68.33,13.36,79.62
SPY,212_bear_reversal,GEX_LOW_VEX_MID,50,52.0,38.0,64.0,8.44,172.27
SPY,212_bear_reversal,GEX_MID_VEX_HIGH,51,60.78,47.06,74.51,22.61,80.37
SPY,212_bear_reversal,GEX_MID_VEX_LOW,33,66.67,48.48,81.82,19.55,72.93
SPY,212_bear_reversal,GEX_MID_VEX_MID,58,58.62,44.83,70.69,-18.06,113.16
SPY,212_bull_continuation,GEX_HIGH_VEX_HIGH,44,56.82,43.18,70.45,12.66,31.68
SPY,212_bull_continuation,GEX_HIGH_VEX_LOW,43,51.16,37.21,65.12,-3.95,48.0
SPY,212_bull_continuation,GEX_HIGH_VEX_MID,49,53.06,40.82,67.35,5.69,61.57
SPY,212_bull_continuation,GEX_LOW_VEX_LOW,40,62.5,50.0,77.5,17.73,75.38
SPY,212_bull_continuation,GEX_LOW_VEX_MID,30,70.0,50.0,83.33,45.38,125.86
SPY,212_bull_continuation,GEX_MID_VEX_HIGH,33,42.42,25.68,60.61,-7.28,73.25
SPY,212_bull_continuation,GEX_MID_VEX_LOW,35,54.29,37.14,71.43,0.08,74.15
SPY,212_bull_continuation,GEX_MID_VEX_MID,46,54.35,41.3,67.39,4.11,87.1
SPY,212_bull_reversal,GEX_HIGH_VEX_HIGH,59,57.63,44.87,71.19,0.44,46.71
SPY,212_bull_reversal,GEX_HIGH_VEX_LOW,63,46.03,34.09,57.14,-9.0,52.61
SPY,212_bull_reversal,GEX_HIGH_VEX_MID,52,50.0,36.54,63.46,-3.89,73.56
SPY,212_bull_reversal,GEX_LOW_VEX_HIGH,37,62.16,45.95,79.8,21.25,68.02
SPY,212_bull_reversal,GEX_LOW_VEX_LOW,55,67.27,56.36,80.0,38.39,157.76
SPY,212_bull_reversal,GEX_LOW_VEX_MID,58,62.07,50.0,74.14,16.05,94.02
SPY,212_bull_reversal,GEX_MID_VEX_HIGH,38,42.11,26.32,57.89,-2.22,62.11
SPY,212_bull_reversal,GEX_MID_VEX_LOW,47,61.7,48.94,74.47,21.71,101.71
SPY,212_bull_reversal,GEX_MID_VEX_MID,68,57.35,44.12,67.65,16.68,97.53
SPY,22_bear_continuation,GEX_HIGH_VEX_HIGH,240,49.58,43.33,56.25,-5.33,55.61
SPY,22_bear_continuation,GEX_HIGH_VEX_LOW,254,58.27,52.76,64.57,3.86,56.92
SPY,22_bear_continuation,GEX_HIGH_VEX_MID,233,57.51,50.64,63.52,3.84,67.25
SPY,22_bear_continuation,GEX_LOW_VEX_HIGH,164,58.54,50.0,65.85,11.0,99.75
SPY,22_bear_continuation,GEX_LOW_VEX_LOW,398,57.29,52.63,62.56,7.74,113.09
SPY,22_bear_continuation,GEX_LOW_VEX_MID,335,53.43,48.06,58.51,-1.61,142.41
SPY,22_bear_continuation,GEX_MID_VEX_HIGH,220,54.55,47.73,61.36,10.89,105.97
SPY,22_bear_continuation,GEX_MID_VEX_LOW,230,52.61,46.52,58.49,-0.48,77.62
SPY,22_bear_continuation,GEX_MID_VEX_MID,343,48.98,44.02,53.95,6.81,132.24
SPY,22_bear_reversal,GEX_HIGH_VEX_HIGH,260,53.08,47.31,59.05,0.85,39.8
SPY,22_bear_reversal,GEX_HIGH_VEX_LOW,294,57.14,50.5,62.24,1.49,51.25
SPY,22_bear_reversal,GEX_HIGH_VEX_MID,303,55.45,49.83,61.23,1.88,62.28
SPY,22_bear_reversal,GEX_LOW_VEX_HIGH,155,51.61,43.87,59.69,13.14,110.77
SPY,22_bear_reversal,GEX_LOW_VEX_LOW,288,50.0,44.79,55.56,1.7,97.76
SPY,22_bear_reversal,GEX_LOW_VEX_MID,254,52.76,46.46,58.47,-2.17,139.11
SPY,22_bear_reversal,GEX_MID_VEX_HIGH,208,59.13,52.88,65.87,3.97,116.74
SPY,22_bear_reversal,GEX_MID_VEX_LOW,178,43.82,36.52,50.56,-10.35,70.57
SPY,22_bear_reversal,GEX_MID_VEX_MID,330,56.67,51.21,62.12,9.84,103.07
SPY,22_bull_continuation,GEX_HIGH_VEX_HIGH,405,56.54,51.6,61.48,4.47,32.44
SPY,22_bull_continuation,GEX_HIGH_VEX_LOW,470,53.62,49.25,57.98,2.64,50.58
SPY,22_bull_continuation,GEX_HIGH_VEX_MID,363,50.14,44.9,55.1,-3.3,61.27
SPY,22_bull_continuation,GEX_LOW_VEX_HIGH,258,50.78,44.57,57.18,-1.85,82.13
SPY,22_bull_continuation,GEX_LOW_VEX_LOW,459,56.64,52.07,61.33,2.52,93.86
SPY,22_bull_continuation,GEX_LOW_VEX_MID,399,56.89,51.5,61.79,3.12,119.36
SPY,22_bull_continuation,GEX_MID_VEX_HIGH,305,58.03,52.29,63.12,8.97,76.38
SPY,22_bull_continuation,GEX_MID_VEX_LOW,285,54.39,48.42,60.0,3.5,66.45
SPY,22_bull_continuation,GEX_MID_VEX_MID,494,57.69,53.44,61.94,8.16,102.29
SPY,22_bull_reversal,GEX_HIGH_VEX_HIGH,232,52.16,45.46,58.19,1.66,40.48
SPY,22_bull_reversal,GEX_HIGH_VEX_LOW,264,55.68,50.0,62.5,2.85,50.85
SPY,22_bull_reversal,GEX_HIGH_VEX_MID,271,56.83,50.55,62.36,-0.44,54.86
SPY,22_bull_reversal,GEX_LOW_VEX_HIGH,159,50.31,41.51,58.49,-1.77,116.74
SPY,22_bull_reversal,GEX_LOW_VEX_LOW,330,52.73,47.27,57.88,0.44,95.07
SPY,22_bull_reversal,GEX_LOW_VEX_MID,267,53.93,47.74,59.55,5.39,137.49
SPY,22_bull_reversal,GEX_MID_VEX_HIGH,223,56.5,49.78,63.23,3.07,84.95
SPY,22_bull_reversal,GEX_MID_VEX_LOW,177,48.59,41.51,55.93,-9.2,73.73
SPY,22_bull_reversal,GEX_MID_VEX_MID,310,54.52,48.86,60.0,7.08,109.78
SPY,312_bull_reversal,GEX_LOW_VEX_LOW,31,64.52,45.16,80.65,17.28,75.52
SPY,322_bear_continuation,GEX_HIGH_VEX_LOW,34,61.76,47.06,79.41,17.01,50.93
SPY,322_bear_continuation,GEX_LOW_VEX_LOW,43,44.19,27.91,58.14,-0.0,83.57
SPY,322_bear_continuation,GEX_MID_VEX_MID,33,54.55,39.39,69.7,12.52,102.73
SPY,322_bull_continuation,GEX_HIGH_VEX_HIGH,46,65.22,52.17,78.26,7.3,23.79
SPY,322_bull_continuation,GEX_HIGH_VEX_LOW,37,45.95,31.01,62.16,-10.69,45.92
SPY,322_bull_continuation,GEX_HIGH_VEX_MID,52,61.54,48.08,75.0,-3.71,49.08
SPY,322_bull_continuation,GEX_LOW_VEX_LOW,47,61.7,48.94,76.6,9.9,70.04
SPY,322_bull_continuation,GEX_LOW_VEX_MID,39,48.72,33.33,64.1,13.28,97.3
SPY,322_bull_continuation,GEX_MID_VEX_HIGH,36,55.56,38.89,69.44,16.85,92.67
SPY,322_bull_continuation,GEX_MID_VEX_LOW,30,80.0,63.33,93.33,19.97,58.85
SPY,322_bull_continuation,GEX_MID_VEX_MID,45,77.78,62.22,88.89,30.09,48.56
SPY,clean_2d_bear,GEX_HIGH_VEX_LOW,30,50.0,31.58,68.42,-1.65,52.96
SPY,clean_2d_bear,GEX_HIGH_VEX_MID,33,57.58,42.42,72.73,10.9,53.98
SPY,clean_2d_bear,GEX_LOW_VEX_LOW,35,51.43,34.29,65.71,4.9,82.9
SPY,clean_2d_bear,GEX_LOW_VEX_MID,32,53.12,37.5,71.88,-14.51,200.99
SPY,clean_2d_bear,GEX_MID_VEX_MID,45,62.22,46.67,75.56,6.77,72.53
SPY,clean_2u_bull,GEX_HIGH_VEX_HIGH,43,51.16,37.21,65.12,1.87,36.74
SPY,clean_2u_bull,GEX_HIGH_VEX_LOW,37,59.46,45.95,75.68,2.44,55.93
SPY,clean_2u_bull,GEX_HIGH_VEX_MID,43,44.19,30.23,58.14,-11.61,48.79
SPY,clean_2u_bull,GEX_LOW_VEX_LOW,51,58.82,46.03,71.62,14.03,96.73
SPY,clean_2u_bull,GEX_LOW_VEX_MID,48,60.42,45.83,72.92,-10.64,140.49
SPY,clean_2u_bull,GEX_MID_VEX_HIGH,36,58.33,41.67,72.22,12.68,53.22
SPY,clean_2u_bull,GEX_MID_VEX_LOW,38,68.42,52.63,84.21,12.11,64.22
SPY,clean_2u_bull,GEX_MID_VEX_MID,53,56.6,43.4,69.81,3.53,88.63
SPY,f2d_bull_reversal,GEX_LOW_VEX_LOW,31,51.61,35.48,67.74,9.93,116.79
SPY,none,GEX_HIGH_VEX_HIGH,409,56.72,51.83,61.01,6.32,37.35
SPY,none,GEX_HIGH_VEX_LOW,457,52.08,47.81,56.24,-1.82,54.0
SPY,none,GEX_HIGH_VEX_MID,416,55.77,51.44,60.34,6.43,61.18
SPY,none,GEX_LOW_VEX_HIGH,222,51.8,45.05,57.66,4.21,120.48
SPY,none,GEX_LOW_VEX_LOW,463,56.59,51.94,61.78,13.7,99.56
SPY,none,GEX_LOW_VEX_MID,371,57.95,53.1,62.8,4.58,140.15
SPY,none,GEX_MID_VEX_HIGH,315,59.68,54.6,64.76,9.15,57.33
SPY,none,GEX_MID_VEX_LOW,304,62.17,56.25,66.95,10.75,77.56
SPY,none,GEX_MID_VEX_MID,478,55.23,51.05,59.83,3.97,95.92
