ticker,strat_combo,gex_tercile,n,mean_bps,hit_pct
IWM,11_inside_compression,HIGH,109,6.703795823103167,58.71559633027523
IWM,11_inside_compression,LOW,69,18.1441386195007,62.31884057971014
IWM,11_inside_compression,MID,72,10.921746859753412,51.388888888888886
IWM,132_bear_continuation,HIGH,49,3.750449700254456,57.14285714285714
IWM,132_bear_continuation,MID,39,20.503941826077817,58.97435897435898
IWM,132_bull_continuation,HIGH,55,-11.75637042026858,49.09090909090909
IWM,132_bull_continuation,LOW,48,13.438782493274338,56.25
IWM,132_bull_continuation,MID,44,26.73092721260922,50.0
IWM,212_bear_continuation,HIGH,113,8.684896733626665,54.86725663716814
IWM,212_bear_continuation,LOW,107,5.916722466659469,48.598130841121495
IWM,212_bear_continuation,MID,102,20.540491967137317,55.88235294117647
IWM,212_bear_reversal,HIGH,171,-7.608672233765279,48.53801169590643
IWM,212_bear_reversal,LOW,166,21.95165773185514,56.024096385542165
IWM,212_bear_reversal,MID,153,-1.487052009727989,50.98039215686274
IWM,212_bull_continuation,HIGH,115,-6.617337284830465,46.08695652173913
IWM,212_bull_continuation,LOW,104,-15.064559001989156,39.42307692307692
IWM,212_bull_continuation,MID,90,11.862614447747772,52.22222222222223
IWM,212_bull_reversal,HIGH,228,3.0004800031539265,56.14035087719298
IWM,212_bull_reversal,LOW,173,-1.3542920415508055,52.601156069364166
IWM,212_bull_reversal,MID,182,6.051683857808983,50.0
IWM,22_bear_continuation,HIGH,745,2.611789861260533,52.48322147651007
IWM,22_bear_continuation,LOW,951,1.805016059533082,50.68349106203996
IWM,22_bear_continuation,MID,900,4.229709554781302,51.44444444444445
IWM,22_bear_reversal,HIGH,743,2.6443962983872558,50.6056527590848
IWM,22_bear_reversal,LOW,721,1.0635128268900422,51.59500693481276
IWM,22_bear_reversal,MID,743,9.088846975260244,52.62449528936743
IWM,22_bull_continuation,HIGH,1019,3.0371186116244444,53.68007850834151
IWM,22_bull_continuation,LOW,1116,6.023914898202428,53.40501792114696
IWM,22_bull_continuation,MID,1100,10.315562923901323,56.81818181818182
IWM,22_bull_reversal,HIGH,658,-2.488685805028388,48.17629179331307
IWM,22_bull_reversal,LOW,732,1.2109385075647414,51.36612021857923
IWM,22_bull_reversal,MID,731,1.2374620624661512,52.1203830369357
IWM,312_bear_reversal,HIGH,35,22.977490854741053,54.285714285714285
IWM,312_bear_reversal,LOW,30,5.578549177637923,50.0
IWM,312_bear_reversal,MID,33,1.740551261098111,39.39393939393939
IWM,312_bull_reversal,HIGH,46,-7.610152133272656,47.82608695652174
IWM,312_bull_reversal,LOW,55,27.527048543110364,63.63636363636363
IWM,312_bull_reversal,MID,52,12.025299811554143,57.692307692307686
IWM,322_bear_continuation,HIGH,95,0.2491676565934452,46.31578947368421
IWM,322_bear_continuation,LOW,75,12.705948959215172,53.333333333333336
IWM,322_bear_continuation,MID,103,-8.376305171124875,50.48543689320388
IWM,322_bull_continuation,HIGH,113,3.248443307260757,51.32743362831859
IWM,322_bull_continuation,LOW,110,7.238050534967849,58.18181818181818
IWM,322_bull_continuation,MID,105,15.756739137928443,53.333333333333336
IWM,32_bear_reversal,HIGH,40,-13.35210114426754,45.0
IWM,32_bear_reversal,LOW,32,-27.527601188910225,40.625
IWM,32_bear_reversal,MID,42,-35.56727805867909,45.23809523809524
IWM,32_bull_reversal,HIGH,55,5.629143034711996,54.54545454545454
IWM,32_bull_reversal,LOW,37,12.286835356855274,59.45945945945946
IWM,32_bull_reversal,MID,42,7.90593084566814,54.761904761904766
IWM,clean_2d_bear,HIGH,129,15.33263548928371,59.68992248062015
IWM,clean_2d_bear,LOW,95,7.26316499092843,49.47368421052632
IWM,clean_2d_bear,MID,115,-8.472774192339863,52.17391304347826
IWM,clean_2u_bull,HIGH,123,-4.982142939552262,48.78048780487805
IWM,clean_2u_bull,LOW,125,-1.478664323453118,55.2
IWM,clean_2u_bull,MID,126,10.286699935665691,51.5873015873016
IWM,f2d_bull_reversal,HIGH,60,3.1280546411173265,55.00000000000001
IWM,f2d_bull_reversal,LOW,53,33.09046652031657,60.37735849056604
IWM,f2d_bull_reversal,MID,47,-4.837343293066445,46.80851063829788
IWM,f2u_bear_reversal,HIGH,55,11.039301130273818,63.63636363636363
IWM,f2u_bear_reversal,LOW,51,9.995865320040515,58.82352941176471
IWM,f2u_bear_reversal,MID,67,7.07216458038829,52.23880597014925
IWM,none,HIGH,1298,-0.4758056808194296,51.69491525423729
IWM,none,LOW,1151,4.911296329032135,52.6498696785404
IWM,none,MID,1188,3.842455615845688,51.93602693602693
QQQ,11_inside_compression,HIGH,67,-8.889328159661073,50.74626865671642
QQQ,11_inside_compression,LOW,42,45.83879373218103,64.28571428571429
QQQ,11_inside_compression,MID,63,18.62924509689727,63.49206349206349
QQQ,132_bear_continuation,HIGH,39,1.1528229505310132,61.53846153846154
QQQ,132_bear_continuation,LOW,31,18.959668207090807,51.61290322580645
QQQ,132_bear_continuation,MID,32,19.20847567107768,68.75
QQQ,132_bull_continuation,HIGH,40,9.948164930172572,50.0
QQQ,132_bull_continuation,LOW,38,25.908512601616213,63.1578947368421
QQQ,132_bull_continuation,MID,42,-16.929977734853292,47.61904761904761
QQQ,212_bear_continuation,HIGH,106,4.359362074676417,56.60377358490566
QQQ,212_bear_continuation,LOW,91,17.669854620438244,59.34065934065934
QQQ,212_bear_continuation,MID,102,7.2977168256981635,53.92156862745098
QQQ,212_bear_reversal,HIGH,169,9.873970666979094,60.35502958579882
QQQ,212_bear_reversal,LOW,153,26.519230511673445,57.51633986928104
QQQ,212_bear_reversal,MID,164,9.429557998188285,59.7560975609756
QQQ,212_bull_continuation,HIGH,117,15.016006188007903,61.53846153846154
QQQ,212_bull_continuation,LOW,108,21.12370176224245,62.03703703703704
QQQ,212_bull_continuation,MID,140,2.554635742633101,51.42857142857142
QQQ,212_bull_reversal,HIGH,178,5.259799743617377,58.98876404494382
QQQ,212_bull_reversal,LOW,168,17.5099076178292,58.333333333333336
QQQ,212_bull_reversal,MID,166,3.079371908709203,57.22891566265061
QQQ,22_bear_continuation,HIGH,693,6.932262554539754,56.85425685425686
QQQ,22_bear_continuation,LOW,925,11.530933699334142,53.729729729729726
QQQ,22_bear_continuation,MID,800,4.349437269657789,53.75
QQQ,22_bear_reversal,HIGH,735,0.4132398783476704,55.10204081632652
QQQ,22_bear_reversal,LOW,708,3.536008001569141,52.40112994350282
QQQ,22_bear_reversal,MID,743,5.309131652659985,57.33512786002692
QQQ,22_bull_continuation,HIGH,1202,0.6207065814935001,55.74043261231281
QQQ,22_bull_continuation,LOW,1150,-0.5712693363544025,55.21739130434783
QQQ,22_bull_continuation,MID,1297,8.106822922498305,58.67386276021588
QQQ,22_bull_reversal,HIGH,695,1.4131493312861898,57.122302158273385
QQQ,22_bull_reversal,LOW,770,2.6944182223671347,53.5064935064935
QQQ,22_bull_reversal,MID,739,9.224107796200697,56.4276048714479
QQQ,312_bear_reversal,HIGH,36,15.277866687038316,58.333333333333336
QQQ,312_bear_reversal,LOW,36,35.377967736067994,55.55555555555556
QQQ,312_bear_reversal,MID,39,14.00561537844328,53.84615384615385
QQQ,312_bull_reversal,HIGH,50,2.1312999868344,56.00000000000001
QQQ,312_bull_reversal,LOW,39,-41.6861166148242,46.15384615384615
QQQ,312_bull_reversal,MID,60,5.936328639453617,55.00000000000001
QQQ,322_bear_continuation,HIGH,59,5.670735735445624,55.932203389830505
QQQ,322_bear_continuation,LOW,92,-7.686569359231513,52.17391304347826
QQQ,322_bear_continuation,MID,64,4.047156616493174,53.125
QQQ,322_bull_continuation,HIGH,105,9.091724963551949,62.85714285714285
QQQ,322_bull_continuation,LOW,111,32.955860044348654,65.76576576576578
QQQ,322_bull_continuation,MID,103,7.348049043680585,59.22330097087378
QQQ,32_bear_reversal,HIGH,36,13.082607977989328,61.11111111111112
QQQ,32_bear_reversal,MID,37,7.608315355080495,59.45945945945946
QQQ,32_bull_reversal,HIGH,58,-2.154147694305204,55.172413793103445
QQQ,32_bull_reversal,LOW,50,12.229866424751458,56.00000000000001
QQQ,32_bull_reversal,MID,41,14.692762329739448,75.60975609756098
QQQ,clean_2d_bear,HIGH,78,3.11278266089249,57.692307692307686
QQQ,clean_2d_bear,LOW,94,-17.759768133593443,46.80851063829788
QQQ,clean_2d_bear,MID,87,20.844053214548754,62.06896551724138
QQQ,clean_2u_bull,HIGH,117,3.7293433208216342,56.41025641025641
QQQ,clean_2u_bull,LOW,110,16.165949831708552,62.727272727272734
QQQ,clean_2u_bull,MID,122,15.32429119403111,63.114754098360656
QQQ,f2d_bull_reversal,HIGH,62,-6.585762527202473,53.2258064516129
QQQ,f2d_bull_reversal,LOW,63,23.47431196780501,65.07936507936508
QQQ,f2d_bull_reversal,MID,46,-1.8370161179674047,50.0
QQQ,f2u_bear_reversal,HIGH,54,-2.2820556780755386,50.0
QQQ,f2u_bear_reversal,LOW,57,25.675933973394415,59.64912280701754
QQQ,f2u_bear_reversal,MID,49,17.500003601534235,67.3469387755102
QQQ,none,HIGH,1184,6.337607355708643,58.5304054054054
QQQ,none,LOW,1110,5.967332681681447,55.31531531531532
QQQ,none,MID,1153,8.733335357447775,57.84908933217693
SPY,11_inside_compression,HIGH,67,6.743927827499842,55.223880597014926
SPY,11_inside_compression,LOW,42,20.82148612531558,52.38095238095239
SPY,11_inside_compression,MID,50,8.734646146475574,57.99999999999999
SPY,132_bear_continuation,HIGH,42,7.94722692668722,52.38095238095239
SPY,132_bear_continuation,LOW,39,28.93674403960764,51.28205128205128
SPY,132_bear_continuation,MID,40,-11.324030980977696,57.49999999999999
SPY,132_bull_continuation,HIGH,53,-0.0378008557280611,50.943396226415096
SPY,132_bull_continuation,LOW,42,25.35445894414697,64.28571428571429
SPY,132_bull_continuation,MID,36,30.835179262871502,75.0
SPY,212_bear_continuation,HIGH,104,2.727426379610151,55.76923076923077
SPY,212_bear_continuation,LOW,90,-2.5656227033333883,48.888888888888886
SPY,212_bear_continuation,MID,75,7.757278721628174,61.33333333333333
SPY,212_bear_reversal,HIGH,158,8.172405536103618,56.32911392405063
SPY,212_bear_reversal,LOW,141,12.904613355983232,54.60992907801418
SPY,212_bear_reversal,MID,142,5.289815563376542,61.267605633802816
SPY,212_bull_continuation,HIGH,136,4.89595523340882,53.67647058823529
SPY,212_bull_continuation,LOW,88,15.037273155661554,56.81818181818182
SPY,212_bull_continuation,MID,114,-0.4244567902718437,50.877192982456144
SPY,212_bull_reversal,HIGH,174,-4.26967962193536,51.14942528735632
SPY,212_bull_reversal,LOW,150,25.523285222964606,64.0
SPY,212_bull_reversal,MID,153,13.531936412548202,54.90196078431373
SPY,22_bear_continuation,HIGH,727,0.8213451541947382,55.15818431911968
SPY,22_bear_continuation,LOW,897,4.845024326500757,56.07580824972129
SPY,22_bear_continuation,MID,793,5.827635106892927,51.57629255989912
SPY,22_bear_reversal,HIGH,857,1.4340606268878142,55.30921820303384
SPY,22_bear_reversal,LOW,697,2.834030959499369,51.36298421807748
SPY,22_bear_reversal,MID,716,3.113352981729701,54.18994413407822
SPY,22_bull_continuation,HIGH,1238,1.499551594460693,53.55411954765751
SPY,22_bull_continuation,LOW,1116,1.7266846075009623,55.376344086021504
SPY,22_bull_continuation,MID,1084,7.162378248680006,56.91881918819188
SPY,22_bull_reversal,HIGH,767,1.3302362751604977,55.019556714471975
SPY,22_bull_reversal,LOW,756,1.7253728428504165,52.64550264550265
SPY,22_bull_reversal,MID,710,1.7621935456427094,53.66197183098591
SPY,312_bear_reversal,HIGH,38,5.971390657570176,57.89473684210527
SPY,312_bear_reversal,LOW,32,16.96841832350374,56.25
SPY,312_bear_reversal,MID,45,10.771997788302617,51.11111111111111
SPY,312_bull_reversal,HIGH,72,13.397225532920409,65.27777777777779
SPY,312_bull_reversal,LOW,60,11.798321591192735,61.66666666666667
SPY,312_bull_reversal,MID,52,-6.8582944259816125,51.92307692307693
SPY,322_bear_continuation,HIGH,74,5.549290841726207,56.75675675675676
SPY,322_bear_continuation,LOW,87,3.608846292906173,45.97701149425287
SPY,322_bear_continuation,MID,87,10.658703221419405,58.620689655172406
SPY,322_bull_continuation,HIGH,135,-1.870796107066608,58.51851851851851
SPY,322_bull_continuation,LOW,108,11.335824018849816,57.407407407407405
SPY,322_bull_continuation,MID,111,23.06438302958631,71.17117117117117
SPY,32_bear_reversal,HIGH,44,11.078014235989489,68.18181818181817
SPY,32_bear_reversal,LOW,37,32.731999176539745,59.45945945945946
SPY,32_bear_reversal,MID,35,-1.3219727199218845,60.0
SPY,32_bull_reversal,HIGH,61,1.8875067544267372,52.459016393442624
SPY,32_bull_reversal,LOW,44,-16.572443645591843,54.54545454545454
SPY,32_bull_reversal,MID,47,13.420002325228992,65.95744680851064
SPY,clean_2d_bear,HIGH,89,3.0678936174785942,56.17977528089888
SPY,clean_2d_bear,LOW,87,-3.034837405786405,54.02298850574713
SPY,clean_2d_bear,MID,96,4.641729271060817,59.375
SPY,clean_2u_bull,HIGH,123,-2.670455041431627,51.21951219512195
SPY,clean_2u_bull,LOW,119,10.218203431824042,61.34453781512605
SPY,clean_2u_bull,MID,127,8.690588655834713,60.629921259842526
SPY,f2d_bull_reversal,HIGH,58,15.380023495825412,67.24137931034483
SPY,f2d_bull_reversal,LOW,50,8.011215022512909,54.0
SPY,f2d_bull_reversal,MID,41,1.941944547269352,53.65853658536586
SPY,f2u_bear_reversal,HIGH,67,11.121270770875,59.70149253731343
SPY,f2u_bear_reversal,LOW,45,23.273584236022064,66.66666666666666
SPY,f2u_bear_reversal,MID,48,-15.247835037200389,43.75
SPY,none,HIGH,1282,3.4563752623128297,54.75819032761311
SPY,none,LOW,1056,8.500796370607306,56.060606060606055
SPY,none,MID,1097,7.338037948794857,58.43208751139471
