ticker,strat_combo,vex_tercile,n,mean_bps,hit_pct
IWM,11_inside_compression,HIGH,82,2.206810545128461,52.4390243902439
IWM,11_inside_compression,LOW,89,1.1226783558372706,56.17977528089888
IWM,11_inside_compression,MID,79,31.495547405012516,64.55696202531645
IWM,132_bear_continuation,HIGH,41,22.96328163722139,58.53658536585365
IWM,132_bear_continuation,LOW,39,-9.725972070632809,53.84615384615385
IWM,132_bear_continuation,MID,36,12.8550316640254,61.11111111111112
IWM,132_bull_continuation,HIGH,52,11.63049707579672,51.92307692307693
IWM,132_bull_continuation,LOW,52,11.00234113654126,50.0
IWM,132_bull_continuation,MID,43,-0.0531535610319281,53.48837209302325
IWM,212_bear_continuation,HIGH,100,9.144132258886064,52.0
IWM,212_bear_continuation,LOW,116,15.09939117674142,50.86206896551724
IWM,212_bear_continuation,MID,106,9.845945406507276,56.60377358490566
IWM,212_bear_reversal,HIGH,170,-9.010407094183387,51.17647058823529
IWM,212_bear_reversal,LOW,182,2.061795939950431,47.25274725274725
IWM,212_bear_reversal,MID,138,23.7093885432312,58.69565217391305
IWM,212_bull_continuation,HIGH,96,5.39144383395912,47.91666666666667
IWM,212_bull_continuation,LOW,104,-10.896098973155624,43.26923076923077
IWM,212_bull_continuation,MID,109,-5.912448977219881,45.87155963302752
IWM,212_bull_reversal,HIGH,206,12.627843778116304,54.85436893203883
IWM,212_bull_reversal,LOW,198,-0.2653333574155245,50.0
IWM,212_bull_reversal,MID,179,-5.573052703193544,54.7486033519553
IWM,22_bear_continuation,HIGH,859,0.174349092630364,51.33876600698487
IWM,22_bear_continuation,LOW,903,-0.6470608731090717,50.49833887043189
IWM,22_bear_continuation,MID,834,9.47676548729765,52.6378896882494
IWM,22_bear_reversal,HIGH,767,7.355256216455984,53.58539765319426
IWM,22_bear_reversal,LOW,694,-0.0907423267600061,49.42363112391931
IWM,22_bear_reversal,MID,746,5.236040425278175,51.60857908847185
IWM,22_bull_continuation,HIGH,1128,8.125398494759896,56.73758865248227
IWM,22_bull_continuation,LOW,985,4.597970768774953,51.47208121827411
IWM,22_bull_continuation,MID,1122,6.65791568502512,55.3475935828877
IWM,22_bull_reversal,HIGH,716,-0.1147427852628412,52.0949720670391
IWM,22_bull_reversal,LOW,692,-4.435324475261957,48.12138728323699
IWM,22_bull_reversal,MID,713,4.635114819945214,51.61290322580645
IWM,312_bear_reversal,LOW,31,-11.502735940622523,41.935483870967744
IWM,312_bear_reversal,MID,40,43.76337156406395,55.00000000000001
IWM,312_bull_reversal,HIGH,52,2.1558976442306887,53.84615384615385
IWM,312_bull_reversal,LOW,44,30.866587646136896,65.9090909090909
IWM,312_bull_reversal,MID,57,5.596486456339019,52.63157894736842
IWM,322_bear_continuation,HIGH,85,10.24252807356328,50.588235294117645
IWM,322_bear_continuation,LOW,94,0.5393477958156547,51.06382978723404
IWM,322_bear_continuation,MID,94,-8.589956514552098,47.87234042553192
IWM,322_bull_continuation,HIGH,104,13.93399762119476,54.80769230769232
IWM,322_bull_continuation,LOW,107,0.31550023381024,53.271028037383175
IWM,322_bull_continuation,MID,117,11.408743456644997,54.70085470085471
IWM,32_bear_reversal,HIGH,41,-34.6982239534031,46.34146341463415
IWM,32_bear_reversal,LOW,34,-21.84974656401752,35.294117647058826
IWM,32_bear_reversal,MID,39,-19.058317872159687,48.71794871794872
IWM,32_bull_reversal,HIGH,39,11.489712282224442,64.1025641025641
IWM,32_bull_reversal,LOW,44,26.502646060441933,59.09090909090909
IWM,32_bull_reversal,MID,51,-10.155888922261404,47.05882352941176
IWM,clean_2d_bear,HIGH,106,0.9699839468518942,49.0566037735849
IWM,clean_2d_bear,LOW,128,14.903062558455764,57.03125
IWM,clean_2d_bear,MID,105,-3.0177970067802216,56.19047619047619
IWM,clean_2u_bull,HIGH,117,-10.5808861826,43.58974358974359
IWM,clean_2u_bull,LOW,123,-6.559537068756371,52.03252032520326
IWM,clean_2u_bull,MID,134,18.97965905013838,58.95522388059702
IWM,f2d_bull_reversal,HIGH,50,15.050643381109555,60.0
IWM,f2d_bull_reversal,LOW,59,24.311831230303834,57.6271186440678
IWM,f2d_bull_reversal,MID,51,-9.270732203406066,45.09803921568628
IWM,f2u_bear_reversal,HIGH,55,6.524104779769201,60.0
IWM,f2u_bear_reversal,LOW,43,-1.1334843979516496,55.81395348837209
IWM,f2u_bear_reversal,MID,75,17.075997154636756,57.333333333333336
IWM,none,HIGH,1178,-0.8300827544626498,51.273344651952456
IWM,none,LOW,1237,4.278377426249267,50.767987065481
IWM,none,MID,1222,4.32539131024853,54.1734860883797
QQQ,11_inside_compression,HIGH,68,5.305718901803711,60.29411764705882
QQQ,11_inside_compression,LOW,43,21.48745466301976,60.46511627906976
QQQ,11_inside_compression,MID,61,19.97602221846455,55.73770491803278
QQQ,132_bear_continuation,HIGH,34,9.820029054800743,61.76470588235294
QQQ,132_bear_continuation,MID,41,16.107795143512835,56.09756097560976
QQQ,132_bull_continuation,HIGH,37,-13.532134304082966,43.24324324324324
QQQ,132_bull_continuation,LOW,44,6.455567678422958,56.81818181818182
QQQ,132_bull_continuation,MID,39,22.770128271921543,58.97435897435898
QQQ,212_bear_continuation,HIGH,100,21.893785976783164,64.0
QQQ,212_bear_continuation,LOW,97,1.5143166536615986,53.608247422680414
QQQ,212_bear_continuation,MID,102,4.687734838365704,51.9607843137255
QQQ,212_bear_reversal,HIGH,181,20.07010489912914,65.19337016574586
QQQ,212_bear_reversal,LOW,166,17.658405210102906,59.63855421686747
QQQ,212_bear_reversal,MID,139,5.097889000639752,51.07913669064749
QQQ,212_bull_continuation,HIGH,139,4.662079458483144,56.83453237410072
QQQ,212_bull_continuation,LOW,115,21.10928734563176,59.130434782608695
QQQ,212_bull_continuation,MID,111,11.894454313612025,57.65765765765766
QQQ,212_bull_reversal,HIGH,189,7.062647299779652,59.78835978835979
QQQ,212_bull_reversal,LOW,153,12.918742244157857,58.16993464052288
QQQ,212_bull_reversal,MID,170,6.339274517590708,56.47058823529412
QQQ,22_bear_continuation,HIGH,773,7.334735479343297,56.53298835705045
QQQ,22_bear_continuation,LOW,801,3.8325681926232487,54.18227215980025
QQQ,22_bear_continuation,MID,844,12.09725567545352,53.317535545023695
QQQ,22_bear_reversal,HIGH,751,6.497200784573613,57.52330226364847
QQQ,22_bear_reversal,LOW,676,-2.2707984261095,51.77514792899408
QQQ,22_bear_reversal,MID,759,4.489554335254408,55.33596837944664
QQQ,22_bull_continuation,HIGH,1273,4.335338143153721,57.2663000785546
QQQ,22_bull_continuation,LOW,1123,1.8896650603547007,55.03116651825467
QQQ,22_bull_continuation,MID,1253,2.364484904720597,57.382282521947324
QQQ,22_bull_reversal,HIGH,754,8.29689906951373,56.49867374005305
QQQ,22_bull_reversal,LOW,709,0.8190562197299379,56.13540197461213
QQQ,22_bull_reversal,MID,741,4.098358596028382,54.25101214574899
QQQ,312_bear_reversal,HIGH,38,18.28798925713813,50.0
QQQ,312_bear_reversal,LOW,43,-0.8369936559420523,51.16279069767442
QQQ,312_bear_reversal,MID,30,57.02920581417916,70.0
QQQ,312_bull_reversal,HIGH,50,-11.699297536532733,54.0
QQQ,312_bull_reversal,LOW,49,6.494036897416211,57.14285714285714
QQQ,312_bull_reversal,MID,50,-17.92513522831929,48.0
QQQ,322_bear_continuation,HIGH,58,10.834531616690088,58.620689655172406
QQQ,322_bear_continuation,LOW,81,7.494659100328274,54.32098765432099
QQQ,322_bear_continuation,MID,76,-17.750568027592887,48.68421052631579
QQQ,322_bull_continuation,HIGH,98,5.903499826763265,61.224489795918366
QQQ,322_bull_continuation,LOW,105,15.95660159844799,65.71428571428571
QQQ,322_bull_continuation,MID,116,26.858573161507906,61.206896551724135
QQQ,32_bear_reversal,LOW,36,-12.26376911318874,44.44444444444444
QQQ,32_bear_reversal,MID,38,-13.26454807146168,57.89473684210527
QQQ,32_bull_reversal,HIGH,42,7.752452016495164,66.66666666666666
QQQ,32_bull_reversal,LOW,55,3.9444570929414846,56.36363636363636
QQQ,32_bull_reversal,MID,52,10.507843955434806,61.53846153846154
QQQ,clean_2d_bear,HIGH,90,4.635735019611258,56.66666666666666
QQQ,clean_2d_bear,LOW,89,11.743159260385108,56.17977528089888
QQQ,clean_2d_bear,MID,80,-13.444323166021444,52.5
QQQ,clean_2u_bull,HIGH,114,15.118088958916571,58.77192982456141
QQQ,clean_2u_bull,LOW,109,8.88939552402256,59.63302752293578
QQQ,clean_2u_bull,MID,126,11.045594621118406,63.49206349206349
QQQ,f2d_bull_reversal,HIGH,48,-3.6369034916003984,50.0
QQQ,f2d_bull_reversal,LOW,61,25.572850660688303,62.29508196721312
QQQ,f2d_bull_reversal,MID,62,-6.440498174943639,56.451612903225815
QQQ,f2u_bear_reversal,HIGH,49,24.9297783489,71.42857142857143
QQQ,f2u_bear_reversal,LOW,52,15.046959174815887,55.76923076923077
QQQ,f2u_bear_reversal,MID,59,3.284684578916171,50.84745762711864
QQQ,none,HIGH,1166,8.700378006963986,59.17667238421955
QQQ,none,LOW,1136,10.557076013810304,57.306338028169016
QQQ,none,MID,1145,1.7987099957678714,55.28384279475983
SPY,11_inside_compression,HIGH,54,13.265964336488588,59.25925925925925
SPY,11_inside_compression,LOW,42,15.209284321093032,61.90476190476191
SPY,11_inside_compression,MID,63,6.475013863067161,47.61904761904761
SPY,132_bear_continuation,HIGH,37,-3.481401706364993,48.64864864864865
SPY,132_bear_continuation,LOW,43,23.38600551881868,55.81395348837209
SPY,132_bear_continuation,MID,41,3.233388659823282,56.09756097560976
SPY,132_bull_continuation,HIGH,38,12.763307334810513,68.42105263157895
SPY,132_bull_continuation,LOW,43,0.7212257701157103,53.48837209302325
SPY,132_bull_continuation,MID,50,33.138637938523686,64.0
SPY,212_bear_continuation,HIGH,81,2.135583783127107,59.25925925925925
SPY,212_bear_continuation,LOW,83,-3.345202101110873,49.39759036144578
SPY,212_bear_continuation,MID,105,7.040111354861622,56.19047619047619
SPY,212_bear_reversal,HIGH,143,18.399301416672344,60.83916083916085
SPY,212_bear_reversal,LOW,150,13.045914058473222,59.333333333333336
SPY,212_bear_reversal,MID,148,-4.905694888227377,52.02702702702703
SPY,212_bull_continuation,HIGH,95,-4.531229374022299,45.26315789473684
SPY,212_bull_continuation,LOW,118,4.593838211777545,55.932203389830505
SPY,212_bull_continuation,MID,125,14.633086055145553,57.6
SPY,212_bull_reversal,HIGH,134,5.43490841312846,54.47761194029851
SPY,212_bull_reversal,LOW,165,15.54581407886315,57.57575757575758
SPY,212_bull_reversal,MID,178,10.464144662787527,56.74157303370787
SPY,22_bear_continuation,HIGH,624,4.681992853514887,53.68589743589743
SPY,22_bear_continuation,LOW,882,4.479099765551403,56.34920634920635
SPY,22_bear_continuation,MID,911,2.955312682686297,52.79912184412733
SPY,22_bear_reversal,HIGH,623,4.94977220813692,54.73515248796148
SPY,22_bear_reversal,LOW,760,-1.2039960109358965,51.31578947368421
SPY,22_bear_reversal,MID,887,3.680720579001537,55.12965050732808
SPY,22_bull_continuation,HIGH,968,4.207487715593497,55.47520661157025
SPY,22_bull_continuation,LOW,1214,2.799223712945914,54.94233937397035
SPY,22_bull_continuation,MID,1256,3.2454914182099475,55.254777070063696
SPY,22_bull_reversal,HIGH,614,1.2849130225588463,53.25732899022802
SPY,22_bull_reversal,LOW,771,-0.9451237746469942,52.78858625162128
SPY,22_bull_reversal,MID,848,4.145736254777171,55.07075471698113
SPY,312_bear_reversal,LOW,54,-0.5685666182535942,57.407407407407405
SPY,312_bear_reversal,MID,36,27.939325123041243,58.333333333333336
SPY,312_bull_reversal,HIGH,39,6.973915408951886,56.41025641025641
SPY,312_bull_reversal,LOW,77,16.5319907983475,63.63636363636363
SPY,312_bull_reversal,MID,68,-3.368790716633699,58.82352941176471
SPY,322_bear_continuation,HIGH,61,10.632917649133203,60.65573770491803
SPY,322_bear_continuation,LOW,104,5.380216247569377,52.88461538461539
SPY,322_bear_continuation,MID,83,5.3466730565026985,49.39759036144578
SPY,322_bull_continuation,HIGH,104,11.383089673566015,61.53846153846154
SPY,322_bull_continuation,LOW,114,5.865432596161634,61.40350877192983
SPY,322_bull_continuation,MID,136,12.34821613126895,63.23529411764706
SPY,32_bear_reversal,HIGH,31,14.39384570007062,77.41935483870968
SPY,32_bear_reversal,LOW,43,-1.8792257732389483,46.51162790697674
SPY,32_bear_reversal,MID,42,30.639167672983994,69.04761904761905
SPY,32_bull_reversal,HIGH,42,4.183268726113927,59.523809523809526
SPY,32_bull_reversal,LOW,48,-3.31995703670054,52.083333333333336
SPY,32_bull_reversal,MID,62,0.0056637445902161,59.67741935483871
SPY,clean_2d_bear,HIGH,73,5.276835403751631,61.64383561643836
SPY,clean_2d_bear,LOW,89,-1.4621777616042946,50.56179775280899
SPY,clean_2d_bear,MID,110,1.8140229452993568,58.18181818181818
SPY,clean_2u_bull,HIGH,99,15.638174426348408,57.57575757575758
SPY,clean_2u_bull,LOW,126,10.04952111058406,61.90476190476191
SPY,clean_2u_bull,MID,144,-5.716763406667393,54.16666666666666
SPY,f2d_bull_reversal,HIGH,38,-1.4291911045823211,57.89473684210527
SPY,f2d_bull_reversal,LOW,60,9.707907616774508,55.00000000000001
SPY,f2d_bull_reversal,MID,51,16.550130299788638,64.70588235294117
SPY,f2u_bear_reversal,HIGH,34,17.485510765669414,67.64705882352942
SPY,f2u_bear_reversal,LOW,59,4.7675954921212025,44.06779661016949
SPY,f2u_bear_reversal,MID,67,2.7573858271057934,62.68656716417911
SPY,none,HIGH,946,6.769006538535486,56.553911205074
SPY,none,LOW,1224,7.17338970868033,56.290849673202615
SPY,none,MID,1265,4.959709481893302,56.205533596837945
