feature,importance_gain,fold
vix_close_lag1,3174494664.0,5
vix_close,2924904399.0,5
vix_close_w5_z,2606961366.0,5
vix_close_lag5,2335725114.0,5
vix_close_w20_z,2306070059.0,5
vix_close_lag10,2048713149.0,5
vix_close_w60_mean,1993594339.0,5
vix_close_w60_z,1981434007.0,5
vix_close_lag3,1779738134.0,5
vix_close_w5_mean,1500011054.0,5
vix_close_w20_mean,1052204672.0,5
volatility_20d_w60_mean,1023281730.0,5
price_vs_ema9_lag10,376942203.0,5
price_vs_ema9,360761311.0,5
volatility_20d_w20_mean,350495372.0,5
price_vs_ema9_lag1,309851973.0,5
volatility_20d_xs_rank,291113247.0,5
price_vs_ema20,280297930.0,5
price_vs_ema9_lag3,275772237.0,5
volatility_20d_lag5,274280521.0,5
price_vs_ema20_w60_mean,266901422.0,5
price_vs_ema9_w5_mean,248027747.0,5
volatility_20d_lag10,239238264.0,5
volatility_20d_lag1,236861425.0,5
price_vs_ema9_lag5,236719532.0,5
volatility_20d_lag3,218318605.0,5
price_vs_ema9_w60_mean,208112439.0,5
price_vs_ema20_w5_mean,205372901.0,5
volatility_20d_w5_mean,198590691.0,5
volatility_20d,167303158.0,5
price_vs_ema20_lag1,162589743.0,5
price_vs_ema20_lag3,158526819.0,5
price_vs_ema9_w20_mean,147081560.0,5
rvol_xs_rank,144364207.0,5
price_vs_ema20_w20_mean,134340934.0,5
price_vs_ema20_lag10,132843692.0,5
consecutive_down_lag3,131608230.0,5
volatility_20d_w5_z,129319566.0,5
price_vs_ema20_lag5,111470761.0,5
atr_14_w5_z,110128377.0,5
obv_w5_z,106468405.0,5
macd_histogram_w60_mean,106014660.0,5
bb_pct_lag10,98373003.0,5
rvol_w60_z,87125591.0,5
volatility_20d_w60_z,86734920.0,5
rvol,84198987.0,5
macd_histogram_w5_z,83046207.0,5
stoch_rsi_d_lag10,79264667.0,5
atr_14_w20_z,74046675.0,5
rvol_lag5,71258374.0,5
rvol_lag3,69997797.0,5
stoch_rsi_d_lag5,69871502.0,5
macd_histogram_w20_mean,68673170.0,5
rvol_lag10,68055864.0,5
ma_5,64377588.0,5
bb_pct_lag3,63428077.0,5
atr_14_w60_mean,62096945.0,5
stoch_rsi_d_lag3,61856733.0,5
stoch_rsi_d_w5_z,61018606.0,5
rvol_w20_mean,59839095.0,5
consecutive_up_w20_z,58797606.0,5
price_vs_ema9_w5_z,58582958.0,5
rsi_14_w60_mean,58390731.0,5
volatility_20d_w20_z,57594381.0,5
macd_histogram_lag5,57164424.0,5
ma_20,55875970.0,5
consecutive_down_lag5,55225910.0,5
ema_50,55005494.0,5
rsi_9_lag3,54701696.0,5
macd_w60_mean,54049490.0,5
rvol_lag1,53068404.0,5
stoch_rsi_d_w20_mean,52756351.0,5
macd_signal_w60_z,50607184.0,5
rvol_w5_z,50283476.0,5
obv_w20_z,49749963.0,5
bb_pct_w5_z,48113011.0,5
stoch_rsi_k_w20_z,47646970.0,5
rvol_w20_z,47458596.0,5
bb_width_w60_z,47155210.0,5
consecutive_down_w5_mean,46518611.0,5
price_vs_ema9_w60_z,45986159.0,5
price_vs_ema20_xs_rank,44967391.0,5
stoch_rsi_k_w5_z,44512714.0,5
macd_w5_z,44469250.0,5
strat_combo_id,44461463.0,5
consecutive_down_w20_mean,43771350.0,5
atr_14_w60_z,43678353.0,5
rsi_14_w20_z,43625920.0,5
stoch_rsi_k_lag3,43620420.0,5
rsi_14_lag10,43215450.0,5
bb_pct_lag1,42887660.0,5
stoch_rsi_k_w20_mean,42334060.0,5
consecutive_up_w60_z,42204060.0,5
rsi_14_xs_rank,41493928.0,5
rvol_w60_mean,41422477.0,5
macd_histogram_lag10,41308720.0,5
price_vs_ema20_w5_z,40347132.0,5
rsi_9_w5_z,39728628.0,5
price_vs_ema20_w60_z,39170174.0,5
stoch_rsi_d_w20_z,38540285.0,5
stoch_rsi_k_lag10,37866849.0,5
rvol_w5_mean,37532240.0,5
consecutive_up_w5_z,37102190.0,5
ma_50,35858163.0,5
obv_lag10,35202509.0,5
rsi_9_lag1,35045119.0,5
consecutive_down_w5_z,34908342.0,5
macd_signal_w20_mean,34555671.0,5
ema_9,34313766.0,5
macd_signal_w60_mean,33418031.0,5
stoch_rsi_d_w60_z,33337996.0,5
stoch_rsi_d_w60_mean,32753806.0,5
obv_w60_z,32494480.0,5
bb_width_w20_z,31969823.0,5
bb_pct_w60_mean,31849655.0,5
macd,31417130.0,5
macd_xs_rank,30893766.0,5
macd_histogram_w20_z,30816566.0,5
consecutive_up_w60_mean,30045707.0,5
macd_signal_lag5,28797519.0,5
obv_lag3,28620780.0,5
bb_pct_xs_rank,28399517.0,5
macd_lag10,28388315.0,5
macd_signal_w5_z,27564111.0,5
price_vs_ema9_w20_z,27515434.0,5
consecutive_down_w60_mean,27405386.0,5
macd_w60_z,27243454.0,5
bb_width_w5_z,26648650.0,5
obv_w60_mean,26125240.0,5
rsi_9_w60_z,26104371.0,5
stoch_rsi_d_w5_mean,25244097.0,5
consecutive_up_lag3,24058910.0,5
ma_10,23636740.0,5
stoch_rsi_k_w60_mean,23448612.0,5
consecutive_down_w60_z,22924737.0,5
sma_200,22423173.0,5
bb_width_lag3,22393257.0,5
rsi_14_lag5,22380539.0,5
bb_pct_lag5,21364752.0,5
stoch_rsi_k_w5_mean,21330880.0,5
obv,21104751.0,5
macd_histogram,21084330.0,5
macd_signal_w20_z,20344139.0,5
consecutive_up_lag5,20292770.0,5
rsi_14_w5_z,20139048.0,5
ema_20,19832812.0,5
rsi_14_w5_mean,19639627.0,5
macd_histogram_w60_z,19582480.0,5
rsi_9_lag5,19547078.0,5
consecutive_down_w20_z,18617657.0,5
bb_pct,18426403.0,5
rsi_14_lag3,18290727.0,5
bb_pct_w20_mean,17582227.0,5
bb_pct_w20_z,17569327.0,5
macd_lag5,17429330.0,5
consecutive_up_lag1,17135826.0,5
rsi_9,17105388.0,5
bb_width_w60_mean,17069076.0,5
macd_signal,16861454.0,5
rsi_14_w20_mean,16397022.0,5
stoch_rsi_k,16348908.0,5
stoch_rsi_k_lag1,16116806.0,5
obv_w5_mean,16080861.0,5
consecutive_up_w5_mean,15676127.0,5
rsi_9_w60_mean,15656886.0,5
macd_w20_mean,15389835.0,5
macd_histogram_w5_mean,15351926.0,5
atr_14,15026327.0,5
stoch_rsi_d,15007721.0,5
strat_candle_id,14784028.0,5
stoch_rsi_k_lag5,14710200.0,5
rsi_9_lag10,14586998.0,5
price_vs_ema20_w20_z,14466590.0,5
macd_signal_lag10,14456930.0,5
macd_histogram_lag3,14248304.0,5
macd_histogram_lag1,14123391.0,5
macd_lag3,13223407.0,5
consecutive_up_lag10,12691730.0,5
bb_pct_w5_mean,12674632.0,5
bb_width_w20_mean,11887340.0,5
consecutive_up_w20_mean,11305612.0,5
bb_width_lag10,11090077.0,5
atr_14_lag5,10211680.0,5
bb_width,10074698.0,5
atr_14_w5_mean,10054380.0,5
macd_w20_z,10036580.0,5
macd_signal_w5_mean,10025060.0,5
atr_14_w20_mean,9954810.0,5
rsi_14_w60_z,9919809.0,5
consecutive_down_lag1,9852700.0,5
bb_width_lag1,9629141.0,5
macd_signal_lag1,9486983.0,5
rsi_9_w20_mean,9131578.0,5
consecutive_down_lag10,8896198.0,5
bb_pct_w60_z,8612155.0,5
rsi_9_w5_mean,8327049.0,5
stoch_rsi_d_lag1,7822902.0,5
stoch_rsi_k_w60_z,7678437.0,5
rsi_14,7267997.0,5
atr_14_lag10,6849937.0,5
macd_signal_lag3,6666063.0,5
bb_width_w5_mean,6093567.0,5
obv_lag5,5696315.0,5
obv_lag1,5001432.0,5
rsi_9_w20_z,4880261.0,5
atr_14_lag3,4584149.0,5
macd_w5_mean,4526160.0,5
atr_14_lag1,2260330.0,5
obv_w20_mean,2002722.0,5
bb_width_lag5,1496730.0,5
rsi_14_lag1,1357478.0,5
macd_lag1,1189210.0,5
volume_ma_10,0.0,5
volume_ma_20,0.0,5
consecutive_up,0.0,5
high_low_spread_pct,0.0,5
intraday_return,0.0,5
volatility_5d,0.0,5
return,0.0,5
high_low_spread_pct_w20_mean,0.0,5
high_low_spread_pct_w20_z,0.0,5
high_low_spread_pct_lag1,0.0,5
high_low_spread_pct_lag10,0.0,5
high_low_spread_pct_lag5,0.0,5
high_low_spread_pct_lag3,0.0,5
return_lag10,0.0,5
return_lag1,0.0,5
return_lag3,0.0,5
return_lag5,0.0,5
gap_pct,0.0,5
return_w20_z,0.0,5
return_w20_mean,0.0,5
return_w5_z,0.0,5
return_w60_z,0.0,5
return_w60_mean,0.0,5
intraday_return_lag10,0.0,5
intraday_return_w5_mean,0.0,5
intraday_return_w5_z,0.0,5
intraday_return_w20_mean,0.0,5
intraday_return_w20_z,0.0,5
intraday_return_w60_mean,0.0,5
intraday_return_w60_z,0.0,5
return_w5_mean,0.0,5
price_vs_vwap,0.0,5
consecutive_down,0.0,5
strat_setup_int,0.0,5
volatility_5d_lag5,0.0,5
volatility_5d_lag3,0.0,5
volatility_5d_lag1,0.0,5
rvol_10_w60_z,0.0,5
rvol_10_w60_mean,0.0,5
rvol_10_w20_z,0.0,5
rvol_10_w20_mean,0.0,5
rvol_10_w5_z,0.0,5
rvol_10_w5_mean,0.0,5
rvol_10_lag10,0.0,5
rvol_10_lag5,0.0,5
rvol_10_lag3,0.0,5
price_vs_vwap_w60_z,0.0,5
price_vs_vwap_w60_mean,0.0,5
price_vs_vwap_w20_z,0.0,5
price_vs_vwap_w20_mean,0.0,5
price_vs_vwap_w5_z,0.0,5
price_vs_vwap_w5_mean,0.0,5
price_vs_vwap_lag10,0.0,5
price_vs_vwap_lag5,0.0,5
price_vs_vwap_lag3,0.0,5
price_vs_vwap_lag1,0.0,5
high_low_spread_pct_w60_z,0.0,5
high_low_spread_pct_w60_mean,0.0,5
high_low_spread_pct_w5_z,0.0,5
high_low_spread_pct_w5_mean,0.0,5
volatility_5d_w5_z,0.0,5
volatility_5d_w20_mean,0.0,5
intraday_return_lag5,0.0,5
intraday_return_lag3,0.0,5
volatility_5d_lag10,0.0,5
volatility_5d_w5_mean,0.0,5
atr_20_w20_z,0.0,5
atr_20_w20_mean,0.0,5
atr_20_w5_z,0.0,5
atr_20_w5_mean,0.0,5
atr_20_lag10,0.0,5
atr_20_lag5,0.0,5
atr_20_lag3,0.0,5
atr_20_lag1,0.0,5
intraday_return_lag1,0.0,5
volatility_5d_w60_z,0.0,5
volatility_5d_w60_mean,0.0,5
volatility_5d_w20_z,0.0,5
atr_20_w60_mean,0.0,5
atr_20_w60_z,0.0,5
rsi_30_w60_mean,0.0,5
rsi_30_w20_mean,0.0,5
rvol_10_lag1,0.0,5
rsi_30_w5_mean,0.0,5
gap_pct_lag3,0.0,5
gap_pct_lag1,0.0,5
gap_pct_lag10,0.0,5
gap_pct_w5_mean,0.0,5
gap_pct_w5_z,0.0,5
gap_pct_lag5,0.0,5
gap_pct_w20_mean,0.0,5
gap_pct_w20_z,0.0,5
gap_pct_w60_z,0.0,5
gap_pct_w60_mean,0.0,5
rvol_10,0.0,5
atr_20,0.0,5
return_xs_rank,0.0,5
gap_pct_xs_rank,0.0,5
