window_start,window_end,n,hit_pct,baseline_hit_pct,lift_pp,mean_bps,finding
2016-01-04,2018-01-04,13,53.85,62.19,-8.34,170.88,"212_bear_continuation @ HIGH-VIX, 5d"
2016-07-04,2018-07-04,49,73.47,67.28,6.19,273.29,"212_bear_continuation @ HIGH-VIX, 5d"
2017-01-04,2019-01-04,141,65.96,57.13,8.82,194.77,"212_bear_continuation @ HIGH-VIX, 5d"
2017-07-04,2019-07-04,146,65.07,58.28,6.79,175.99,"212_bear_continuation @ HIGH-VIX, 5d"
2018-01-04,2020-01-04,170,64.12,60.6,3.52,161.41,"212_bear_continuation @ HIGH-VIX, 5d"
2018-07-04,2020-07-04,249,64.26,57.77,6.49,245.57,"212_bear_continuation @ HIGH-VIX, 5d"
2019-01-04,2021-01-04,319,65.83,58.98,6.85,268.62,"212_bear_continuation @ HIGH-VIX, 5d"
2019-07-04,2021-07-04,452,67.7,58.36,9.34,268.17,"212_bear_continuation @ HIGH-VIX, 5d"
2020-01-04,2022-01-04,543,65.01,57.91,7.1,242.29,"212_bear_continuation @ HIGH-VIX, 5d"
2020-07-04,2022-07-04,615,58.54,54.13,4.4,113.95,"212_bear_continuation @ HIGH-VIX, 5d"
2021-01-04,2023-01-04,609,55.83,51.57,4.26,67.43,"212_bear_continuation @ HIGH-VIX, 5d"
2021-07-04,2023-07-04,516,51.55,51.89,-0.34,28.85,"212_bear_continuation @ HIGH-VIX, 5d"
2022-01-04,2024-01-04,427,52.22,51.27,0.96,21.13,"212_bear_continuation @ HIGH-VIX, 5d"
2022-07-04,2024-07-04,234,56.84,54.05,2.79,110.37,"212_bear_continuation @ HIGH-VIX, 5d"
2023-01-04,2025-01-04,131,72.52,65.44,7.08,503.87,"212_bear_continuation @ HIGH-VIX, 5d"
2023-07-04,2025-07-04,197,68.53,64.0,4.53,377.83,"212_bear_continuation @ HIGH-VIX, 5d"
2024-01-04,2026-01-04,224,66.52,63.34,3.17,303.14,"212_bear_continuation @ HIGH-VIX, 5d"
2016-01-04,2018-01-04,9,66.67,62.19,4.48,145.21,"clean_2d_bear @ HIGH-VIX, 5d"
2016-07-04,2018-07-04,54,77.78,67.28,10.5,134.67,"clean_2d_bear @ HIGH-VIX, 5d"
2017-01-04,2019-01-04,126,63.49,57.13,6.36,22.68,"clean_2d_bear @ HIGH-VIX, 5d"
2017-07-04,2019-07-04,136,63.97,58.28,5.69,34.43,"clean_2d_bear @ HIGH-VIX, 5d"
2018-01-04,2020-01-04,182,65.38,60.6,4.79,75.79,"clean_2d_bear @ HIGH-VIX, 5d"
2018-07-04,2020-07-04,218,63.3,57.77,5.53,159.55,"clean_2d_bear @ HIGH-VIX, 5d"
2019-01-04,2021-01-04,311,61.41,58.98,2.44,159.94,"clean_2d_bear @ HIGH-VIX, 5d"
2019-07-04,2021-07-04,398,60.55,58.36,2.19,141.02,"clean_2d_bear @ HIGH-VIX, 5d"
2020-01-04,2022-01-04,416,60.34,57.91,2.43,133.01,"clean_2d_bear @ HIGH-VIX, 5d"
2020-07-04,2022-07-04,568,58.45,54.13,4.32,93.19,"clean_2d_bear @ HIGH-VIX, 5d"
2021-01-04,2023-01-04,574,54.53,51.57,2.96,34.32,"clean_2d_bear @ HIGH-VIX, 5d"
2021-07-04,2023-07-04,570,56.49,51.89,4.6,59.02,"clean_2d_bear @ HIGH-VIX, 5d"
2022-01-04,2024-01-04,528,56.06,51.27,4.79,58.57,"clean_2d_bear @ HIGH-VIX, 5d"
2022-07-04,2024-07-04,289,53.98,54.05,-0.07,20.23,"clean_2d_bear @ HIGH-VIX, 5d"
2023-01-04,2025-01-04,177,71.19,65.44,5.75,260.86,"clean_2d_bear @ HIGH-VIX, 5d"
2023-07-04,2025-07-04,146,63.01,64.0,-0.99,196.95,"clean_2d_bear @ HIGH-VIX, 5d"
2024-01-04,2026-01-04,165,63.64,63.34,0.29,200.53,"clean_2d_bear @ HIGH-VIX, 5d"
2016-01-04,2018-01-04,524,53.24,58.72,-5.48,17.22,"322_bull_continuation, 5d (anti-pred)"
2016-07-04,2018-07-04,623,54.09,57.86,-3.77,32.9,"322_bull_continuation, 5d (anti-pred)"
2017-01-04,2019-01-04,670,52.69,56.19,-3.51,22.58,"322_bull_continuation, 5d (anti-pred)"
2017-07-04,2019-07-04,661,52.8,56.93,-4.13,14.11,"322_bull_continuation, 5d (anti-pred)"
2018-01-04,2020-01-04,669,54.11,55.53,-1.42,19.32,"322_bull_continuation, 5d (anti-pred)"
2018-07-04,2020-07-04,672,54.61,55.66,-1.05,15.76,"322_bull_continuation, 5d (anti-pred)"
2019-01-04,2021-01-04,626,57.83,57.61,0.21,59.87,"322_bull_continuation, 5d (anti-pred)"
2019-07-04,2021-07-04,642,57.79,56.5,1.29,64.14,"322_bull_continuation, 5d (anti-pred)"
2020-01-04,2022-01-04,636,57.55,55.49,2.05,74.84,"322_bull_continuation, 5d (anti-pred)"
2020-07-04,2022-07-04,671,49.63,52.71,-3.08,-37.34,"322_bull_continuation, 5d (anti-pred)"
2021-01-04,2023-01-04,720,47.08,50.91,-3.82,-57.76,"322_bull_continuation, 5d (anti-pred)"
2021-07-04,2023-07-04,756,47.22,51.26,-4.04,-22.59,"322_bull_continuation, 5d (anti-pred)"
2022-01-04,2024-01-04,795,46.79,51.54,-4.75,-14.16,"322_bull_continuation, 5d (anti-pred)"
2022-07-04,2024-07-04,799,52.44,54.48,-2.04,77.47,"322_bull_continuation, 5d (anti-pred)"
2023-01-04,2025-01-04,800,53.5,55.06,-1.56,91.38,"322_bull_continuation, 5d (anti-pred)"
2023-07-04,2025-07-04,824,51.94,55.02,-3.08,54.23,"322_bull_continuation, 5d (anti-pred)"
2024-01-04,2026-01-04,792,50.76,55.08,-4.32,52.23,"322_bull_continuation, 5d (anti-pred)"
2016-01-04,2018-01-04,547,61.43,58.72,2.71,112.71,"212_bear_continuation, 5d"
2016-07-04,2018-07-04,670,63.73,57.86,5.87,110.79,"212_bear_continuation, 5d"
2017-01-04,2019-01-04,676,63.91,56.19,7.71,117.39,"212_bear_continuation, 5d"
2017-07-04,2019-07-04,709,65.59,56.93,8.66,105.58,"212_bear_continuation, 5d"
2018-01-04,2020-01-04,693,61.9,55.53,6.37,71.21,"212_bear_continuation, 5d"
2018-07-04,2020-07-04,681,60.65,55.66,4.99,103.41,"212_bear_continuation, 5d"
2019-01-04,2021-01-04,660,62.42,57.61,4.81,139.4,"212_bear_continuation, 5d"
2019-07-04,2021-07-04,681,61.09,56.5,4.59,154.54,"212_bear_continuation, 5d"
2020-01-04,2022-01-04,767,58.15,55.49,2.65,137.86,"212_bear_continuation, 5d"
2020-07-04,2022-07-04,821,53.71,52.71,1.0,51.99,"212_bear_continuation, 5d"
2021-01-04,2023-01-04,815,51.66,50.91,0.75,16.77,"212_bear_continuation, 5d"
2021-07-04,2023-07-04,741,49.53,51.26,-1.73,6.33,"212_bear_continuation, 5d"
2022-01-04,2024-01-04,731,51.03,51.54,-0.52,35.18,"212_bear_continuation, 5d"
2022-07-04,2024-07-04,704,55.68,54.48,1.21,124.94,"212_bear_continuation, 5d"
2023-01-04,2025-01-04,753,56.71,55.06,1.64,158.88,"212_bear_continuation, 5d"
2023-07-04,2025-07-04,811,55.86,55.02,0.84,147.58,"212_bear_continuation, 5d"
2024-01-04,2026-01-04,822,56.08,55.08,1.01,144.96,"212_bear_continuation, 5d"
2016-01-04,2018-01-04,273,55.31,53.89,1.42,23.28,"f2d_bull_reversal, 1d"
2016-07-04,2018-07-04,322,56.52,53.71,2.82,28.47,"f2d_bull_reversal, 1d"
2017-01-04,2019-01-04,349,52.44,53.11,-0.68,3.92,"f2d_bull_reversal, 1d"
2017-07-04,2019-07-04,297,55.56,53.58,1.98,12.11,"f2d_bull_reversal, 1d"
2018-01-04,2020-01-04,337,55.49,53.07,2.41,15.2,"f2d_bull_reversal, 1d"
2018-07-04,2020-07-04,364,57.97,52.89,5.08,12.11,"f2d_bull_reversal, 1d"
2019-01-04,2021-01-04,401,61.35,53.32,8.03,46.63,"f2d_bull_reversal, 1d"
2019-07-04,2021-07-04,441,59.64,52.67,6.96,43.53,"f2d_bull_reversal, 1d"
2020-01-04,2022-01-04,452,58.41,52.35,6.06,35.38,"f2d_bull_reversal, 1d"
2020-07-04,2022-07-04,454,52.86,50.9,1.96,16.54,"f2d_bull_reversal, 1d"
2021-01-04,2023-01-04,425,50.12,49.93,0.19,1.39,"f2d_bull_reversal, 1d"
2021-07-04,2023-07-04,438,51.83,49.75,2.07,6.42,"f2d_bull_reversal, 1d"
2022-01-04,2024-01-04,415,52.29,49.92,2.37,10.2,"f2d_bull_reversal, 1d"
2022-07-04,2024-07-04,412,55.1,51.49,3.6,27.75,"f2d_bull_reversal, 1d"
2023-01-04,2025-01-04,373,56.57,52.51,4.05,17.87,"f2d_bull_reversal, 1d"
2023-07-04,2025-07-04,387,51.68,52.8,-1.12,-23.03,"f2d_bull_reversal, 1d"
2024-01-04,2026-01-04,396,55.56,52.58,2.97,12.19,"f2d_bull_reversal, 1d"
2016-01-04,2018-01-04,6037,59.02,58.72,0.3,53.47,"22_bull_continuation, 5d (largest N)"
2016-07-04,2018-07-04,7214,57.94,57.86,0.08,42.91,"22_bull_continuation, 5d (largest N)"
2017-01-04,2019-01-04,7254,56.02,56.19,-0.17,13.0,"22_bull_continuation, 5d (largest N)"
2017-07-04,2019-07-04,7667,56.15,56.93,-0.78,20.81,"22_bull_continuation, 5d (largest N)"
2018-01-04,2020-01-04,7498,54.64,55.53,-0.89,16.85,"22_bull_continuation, 5d (largest N)"
2018-07-04,2020-07-04,7720,54.37,55.66,-1.29,26.76,"22_bull_continuation, 5d (largest N)"
2019-01-04,2021-01-04,8093,55.75,57.61,-1.86,64.18,"22_bull_continuation, 5d (largest N)"
2019-07-04,2021-07-04,8117,55.4,56.5,-1.1,63.14,"22_bull_continuation, 5d (largest N)"
2020-01-04,2022-01-04,8620,55.05,55.49,-0.45,56.17,"22_bull_continuation, 5d (largest N)"
2020-07-04,2022-07-04,8261,53.26,52.71,0.55,14.68,"22_bull_continuation, 5d (largest N)"
2021-01-04,2023-01-04,8274,51.58,50.91,0.68,-11.3,"22_bull_continuation, 5d (largest N)"
2021-07-04,2023-07-04,8316,50.53,51.26,-0.73,-13.04,"22_bull_continuation, 5d (largest N)"
2022-01-04,2024-01-04,8311,51.11,51.54,-0.43,-6.07,"22_bull_continuation, 5d (largest N)"
2022-07-04,2024-07-04,8950,53.13,54.48,-1.35,40.21,"22_bull_continuation, 5d (largest N)"
2023-01-04,2025-01-04,9348,54.04,55.06,-1.02,59.98,"22_bull_continuation, 5d (largest N)"
2023-07-04,2025-07-04,9453,55.43,55.02,0.41,74.7,"22_bull_continuation, 5d (largest N)"
2024-01-04,2026-01-04,9349,54.74,55.08,-0.33,76.25,"22_bull_continuation, 5d (largest N)"
