ID,Entry_Time,Trade_Type,Exit_Type,Exit_Time,Duration,Price_Change,Return_Pct,Entry_Last,Entry_Volume,Entry_ATR14_W,Entry_RSI14_W,Entry_EMA9,Entry_EMA20,Entry_EMA50,Entry_VWAP,Entry_RVOL20,Entry_RVOL_MOD,Entry_RVOL_MOD_EXCL,Entry_OBV,Entry_StochRSI_K,Entry_StochRSI_D,Exit_Last,Exit_Volume,Exit_ATR14_W,Exit_RSI14_W,Exit_EMA9,Exit_EMA20,Exit_EMA50,Exit_VWAP,Exit_RVOL20,Exit_RVOL_MOD,Exit_RVOL_MOD_EXCL,Exit_OBV,Exit_StochRSI_K,Exit_StochRSI_D
1,2025-08-08 15:21:00,PUT,EXIT,2025-08-08 15:35:00,14.0,-0.32499999999998863,0.147,220.695,30031.0,0.0651912280528779,56.847078978424406,220.6860259445049,220.64258292408817,220.60830400630235,220.67935088051897,0.7228912762469639,0.5311621960340401,0.5251569899389101,-11837176.0,84.46806789115402,90.51630564951796,220.37,67455.0,0.0642674557693395,29.58378089851425,220.50047456447223,220.55733031835496,220.5834995395407,220.6744569642162,1.433247387359249,0.9877293426851946,0.9874338192213724,-12256650.0,3.5439222367597067,6.647534548667415
1,2025-08-08 15:21:00,PUT,STOP_LOSS,2025-08-08 15:29:00,8.0,-0.11499999999998067,0.052,220.695,30031.0,0.0651912280528779,56.847078978424406,220.6860259445049,220.64258292408817,220.60830400630235,220.67935088051897,0.7228912762469639,0.5311621960340401,0.5251569899389101,-11837176.0,84.46806789115402,90.51630564951796,220.58,33834.0,0.0636084648146701,43.96132827305219,220.62983033932568,220.6340112330132,220.61463737723707,220.67885475026884,0.9362288522521626,0.7179588745496425,0.7130537409010977,-11968905.0,8.4821887665161,20.933928149175973
1,2025-08-08 15:21:00,PUT,RUNNER,2025-08-08 15:50:00,29.0,-0.625,0.283,220.695,30031.0,0.0651912280528779,56.847078978424406,220.6860259445049,220.64258292408817,220.60830400630235,220.67935088051897,0.7228912762469639,0.5311621960340401,0.5251569899389101,-11837176.0,84.46806789115402,90.51630564951796,220.07,238063.0,0.0827789304050815,21.990058521825475,220.1728663558736,220.2892812741733,220.43006853977388,220.6411421968056,2.5269129931748946,1.095095291120674,1.0976411571055762,-13314001.0,11.611381163374586,10.951295628113591
2,2025-08-08 15:07:00,CALL,EXIT,2025-08-08 15:11:00,4.0,0.13009999999999877,0.059,220.49,67579.0,0.0631029473487489,39.95805671848684,220.527135135925,220.5690035637396,220.57711688320364,220.680525824998,1.999056365171888,1.0604267160231653,1.0619919034174754,-12078124.0,15.507233726715782,12.312072496218102,220.6201,38675.0,0.062902089734162,55.4153134995615,220.5451825516749,220.5634177407053,220.5730085175015,220.679252699137,1.0677728618659452,0.7261923709006244,0.7213748601651678,-12050212.0,68.57472431161125,45.70246751151061
2,2025-08-08 15:07:00,CALL,STOP_LOSS,2025-08-08 15:12:00,5.0,0.10999999999998522,0.05,220.49,67579.0,0.0631029473487489,39.95805671848684,220.527135135925,220.5690035637396,220.57711688320364,220.680525824998,1.999056365171888,1.0604267160231653,1.0619919034174754,-12078124.0,15.507233726715782,12.312072496218102,220.6,24365.0,0.063051940467436,53.10246952790245,220.55614604134,220.56690176540005,220.57406700701125,220.67917458127,0.6831541449778428,0.4494035137028261,0.4434483646436308,-12074577.0,75.22949910132573,55.54481137478232
2,2025-08-08 15:07:00,CALL,RUNNER,2025-08-08 15:20:00,13.0,0.2949999999999875,0.134,220.49,67579.0,0.0631029473487489,39.95805671848684,220.527135135925,220.5690035637396,220.57711688320364,220.680525824998,1.999056365171888,1.0604267160231653,1.0619919034174754,-12078124.0,15.507233726715782,12.312072496218102,220.785,31672.0,0.061744399441562,69.0514199282073,220.6837824306311,220.6370653371501,220.60476539431468,220.6792814439163,0.7578919156919425,0.5809315349906455,0.5750538053442213,-11807145.0,98.18384155888708,93.54042452869992
3,2025-08-08 14:50:00,PUT,EXIT,2025-08-08 15:02:00,12.0,-0.1449000000000069,0.066,220.685,33422.0,0.0610727576202039,57.78430176496205,220.6895531236898,220.63092884530784,220.57902395644507,220.68430530932807,1.39381453617362,0.6750107474761463,0.6697023071780175,-12002673.0,73.93478216305105,90.15569311542367,220.5401,23538.0,0.0632844773666443,40.98749868412631,220.61213603492715,220.62298492252216,220.59730305646585,220.6833520025267,0.8444867800039825,0.4177545118176916,0.4119050037688109,-12098601.0,7.612078811115196,11.799874321303337
3,2025-08-08 14:50:00,PUT,STOP_LOSS,2025-08-08 15:47:00,57.0,-0.585000000000008,0.265,220.685,33422.0,0.0610727576202039,57.78430176496205,220.6895531236898,220.63092884530784,220.57902395644507,220.68430530932807,1.39381453617362,0.6750107474761463,0.6697023071780175,-12002673.0,73.93478216305105,90.15569311542367,220.1,88638.0,0.0738235707926918,20.27109382365333,220.24653585131549,220.35626678526305,220.47225919361443,220.6519473357252,1.1116552737406276,1.0059664129860275,1.0061128248061089,-13050826.0,3.5215952269759456,9.093134399021192
3,2025-08-08 14:50:00,PUT,RUNNER,2025-08-08 15:03:00,13.0,-0.2150000000000034,0.097,220.685,33422.0,0.0610727576202039,57.78430176496205,220.6895531236898,220.63092884530784,220.57902395644507,220.68430530932807,1.39381453617362,0.6750107474761463,0.6697023071780175,-12002673.0,73.93478216305105,90.15569311542367,220.47,47212.0,0.0644855861261688,35.23510413268892,220.5837088279417,220.608414929901,220.5923107797417,220.68281905418047,1.6361270379245874,0.8441819298005113,0.840985813057687,-12145813.0,5.074719207410131,9.5581559500056
4,2025-08-08 14:27:00,CALL,EXIT,2025-08-08 14:37:00,10.0,0.16500000000002046,0.075,220.42,37353.0,0.0708974126638384,42.40121277079388,220.4449134310722,220.4935134235636,220.529978312925,220.6875729560643,1.1834576365698644,0.8376449155614738,0.8343410251325489,-12158562.0,23.24835651667082,24.9183310259112,220.585,36266.0,0.0689835177484778,57.20745716478698,220.50846457148415,220.49946283587707,220.51856970397844,220.68473215335237,1.214471452419583,0.6178748074683421,0.612169311951478,-12100832.0,88.4734864241932,78.65948890331993
4,2025-08-08 14:27:00,CALL,STOP_LOSS,2025-08-08 14:32:00,5.0,0.11000000000001364,0.05,220.42,37353.0,0.0708974126638384,42.40121277079388,220.4449134310722,220.4935134235636,220.529978312925,220.6875729560643,1.1834576365698644,0.8376449155614738,0.8343410251325489,-12158562.0,23.24835651667082,24.9183310259112,220.53,14329.0,0.070360573050278,52.73545135285125,220.46869803309377,220.48401049694223,220.51797786756228,220.6857392486845,0.4582735665158704,0.2789045468701339,0.27408404063891,-12113488.0,68.44757816379422,50.33154893957626
4,2025-08-08 14:27:00,CALL,RUNNER,2025-08-08 14:49:00,22.0,0.36000000000001364,0.163,220.42,37353.0,0.0708974126638384,42.40121277079388,220.4449134310722,220.4935134235636,220.529978312925,220.6875729560643,1.1834576365698644,0.8376449155614738,0.8343410251325489,-12158562.0,23.24835651667082,24.9183310259112,220.78,24614.0,0.0584629697448351,70.74320481062608,220.6906914046122,220.625237144814,220.5746984036469,220.68424223217187,1.0110578028983603,0.5668191470638065,0.5608930946456451,-11969251.0,99.51071844347818,98.26614859161
5,2025-08-08 13:49:00,PUT,EXIT,2025-08-08 14:14:00,25.0,-0.1699999999999875,0.077,220.66,28901.0,0.0799730450711199,56.58284812583941,220.69056448368457,220.62846899958305,220.53550381021773,220.70026778394944,1.0383679863184485,0.7875018733176634,0.7834413897157123,-11809952.0,55.73900159992264,66.00973822519776,220.49,9473.0,0.0679057386645515,41.48810938295226,220.5353950364029,220.5672611885324,220.5646715245592,220.69356285170775,0.2000937840600893,0.251792888189088,0.2472802817161459,-12101221.0,11.498292041812334,19.41115502409343
5,2025-08-08 13:49:00,PUT,STOP_LOSS,2025-08-08 14:05:00,16.0,-0.14500000000001023,0.066,220.66,28901.0,0.0799730450711199,56.58284812583941,220.69056448368457,220.62846899958305,220.53550381021773,220.70026778394944,1.0383679863184485,0.7875018733176634,0.7834413897157123,-11809952.0,55.73900159992264,66.00973822519776,220.515,88281.0,0.0745191321592783,42.476869617130816,220.59769775571527,220.6144777491245,220.57539491745732,220.6962264888597,2.0479338210305205,1.5483613136217136,1.569350857468909,-12127257.0,19.74719874795134,22.09391346963296
5,2025-08-08 13:49:00,PUT,RUNNER,2025-08-08 14:26:00,37.0,-0.3400000000000034,0.154,220.66,28901.0,0.0799730450711199,56.58284812583941,220.69056448368457,220.62846899958305,220.53550381021773,220.70026778394944,1.0383679863184485,0.7875018733176634,0.7834413897157123,-11809952.0,55.73900159992264,66.00973822519776,220.32,62444.0,0.0678895213302865,31.77411771149788,220.45114178884023,220.50125167867557,220.53446722365663,220.68824347333808,2.0175180689414525,1.521340490722812,1.540934430038123,-12195915.0,12.77339141312755,25.753318280531385
6,2025-08-08 13:03:00,PUT,EXIT,2025-08-08 13:23:00,20.0,0.2849999999999966,-0.129,220.175,25991.0,0.0897419310705637,33.38194483935051,220.24327076337835,220.36757371327624,220.5123553265005,220.7290292632948,0.7998830535337836,0.7121128502596981,0.7071475165284952,-12156808.0,42.60061447060895,34.77127339452927,220.46,39417.0,0.0925453550708973,62.20972716315824,220.31161095888496,220.2936145349936,220.3786715962713,220.70607216526795,1.082264691790554,1.2291281987317553,1.2360357755811926,-11944637.0,95.60885723403972,89.46939659991288
6,2025-08-08 13:03:00,PUT,STOP_LOSS,2025-08-08 13:32:00,29.0,0.464999999999975,-0.211,220.175,25991.0,0.0897419310705637,33.38194483935051,220.24327076337835,220.36757371327624,220.5123553265005,220.7290292632948,0.7998830535337836,0.7121128502596981,0.7071475165284952,-12156808.0,42.60061447060895,34.77127339452927,220.64,30541.0,0.0989457464279879,71.33237524680568,220.50284784292148,220.4195673273126,220.41308785834653,220.7019765467146,0.9171471471471472,0.7410149078527631,0.736363513404642,-11764490.0,96.2356946717287,92.12288540510448
6,2025-08-08 13:03:00,PUT,RUNNER,2025-08-08 13:48:00,45.0,0.5949999999999989,-0.27,220.175,25991.0,0.0897419310705637,33.38194483935051,220.24327076337835,220.36757371327624,220.5123553265005,220.7290292632948,0.7998830535337836,0.7121128502596981,0.7071475165284952,-12156808.0,42.60061447060895,34.77127339452927,220.77,22479.0,0.0757402023842836,70.9546529316331,220.69820560460568,220.6251499469076,220.53042233308372,220.7002651026908,0.8108576066372081,0.6156911182005286,0.6099735993736387,-11781051.0,83.60850239988396,71.14510653783533
7,2025-08-08 12:20:00,PUT,EXIT,2025-08-08 12:33:00,13.0,-0.5400000000000205,0.244,221.11,17947.0,0.1062832136131799,71.72175387384732,221.0474065315516,220.85999026236496,220.6095920395524,220.74262706322835,0.3794648756595493,0.3929525068435117,0.3873538829480815,-11760598.0,71.50710255872382,81.14213677593341,220.57,31423.0,0.0995858054882936,35.72440561368312,220.75254457995155,220.8154709073335,220.70119480416244,220.7485399982461,0.7807683945709227,0.8521878486559579,0.8491992304376083,-12071171.0,1.8731219341572527,4.2335461255540245
7,2025-08-08 12:20:00,PUT,STOP_LOSS,2025-08-08 12:50:00,30.0,-0.5900000000000034,0.267,221.11,17947.0,0.1062832136131799,71.72175387384732,221.0474065315516,220.85999026236496,220.6095920395524,220.74262706322835,0.3794648756595493,0.3929525068435117,0.3873538829480815,-11760598.0,71.50710255872382,81.14213677593341,220.52,22845.0,0.0854313842116934,35.57227880746861,220.61815636369613,220.6727385305928,220.67718784245443,220.7458002451968,0.890924619470476,0.5276344256976687,0.5217662256304899,-11941190.0,19.968504979199047,39.25750144074675
7,2025-08-08 12:20:00,PUT,RUNNER,2025-08-08 13:02:00,42.0,-1.0200000000000102,0.461,221.11,17947.0,0.1062832136131799,71.72175387384732,221.0474065315516,220.85999026236496,220.6095920395524,220.74262706322835,0.3794648756595493,0.3929525068435117,0.3873538829480815,-11760598.0,71.50710255872382,81.14213677593341,220.09,44482.0,0.0881836180759928,25.54290144643056,220.26033845422293,220.38784463046323,220.5261249316638,220.73012516924632,1.3585899154890002,0.7673581846052236,0.7630286147968213,-12182799.0,25.82158650978636,30.85660285648943
8,2025-08-08 11:45:00,CALL,EXIT,2025-08-08 11:56:00,11.0,0.6099999999999852,0.277,219.86,65163.0,0.122080873503082,34.71132399990162,219.89876257613727,220.0404317621512,220.28120185954936,220.76483431393143,1.4263497000666518,1.4117777762102606,1.4257562220804083,-12333745.0,18.70990163444732,12.056201954681034,220.47,51930.0,0.1129629234210328,67.75564839047243,220.233517049818,220.15332913234735,220.2451671871761,220.73759592199147,1.0724829539646037,0.857604059369664,0.8547062806839344,-12008960.0,97.94135817428824,92.73415464055
8,2025-08-08 11:45:00,CALL,STOP_LOSS,2025-08-08 12:05:00,20.0,0.7799999999999727,0.355,219.86,65163.0,0.122080873503082,34.71132399990162,219.89876257613727,220.0404317621512,220.28120185954936,220.76483431393143,1.4263497000666518,1.4117777762102606,1.4257562220804083,-12333745.0,18.70990163444732,12.056201954681034,220.64,42301.0,0.0985709457334902,71.03984591558167,220.4878583672359,220.3606907682707,220.31927100291077,220.7298318170381,0.992783130126618,0.9757555502865132,0.9751926215133406,-11938573.0,93.45615848356704,90.33575061096349
8,2025-08-08 11:45:00,CALL,RUNNER,2025-08-08 12:16:00,31.0,1.3149999999999977,0.598,219.86,65163.0,0.122080873503082,34.71132399990162,219.89876257613727,220.0404317621512,220.28120185954936,220.76483431393143,1.4263497000666518,1.4117777762102606,1.4257562220804083,-12333745.0,18.70990163444732,12.056201954681034,221.175,67964.0,0.1106071543070573,78.73992401745174,220.8928870399208,220.7134377898804,220.5142350682308,220.73447994603424,1.587354230554537,1.5887346668957163,1.6113213511560691,-11725902.0,76.92752153796816,78.10891066949875
9,2025-08-08 10:15:00,PUT,EXIT,2025-08-08 11:01:00,46.0,-0.8300000000000125,0.375,221.18,91897.0,0.1856507612479039,54.348431519726944,221.2825056461193,221.12327206926184,220.95451907730663,220.86859100349025,0.8514539583709736,1.2004858971644252,1.2062438706072296,-11400538.0,43.72312680355643,65.26997973472022,220.35,107287.0,0.1222772362590307,25.865737112443668,220.5487712760521,220.6796719774413,220.82210944211687,220.8805158557609,2.1541757522457945,1.8426402487879732,1.880365769740996,-12014758.0,4.106495780970161,6.842962724055042
9,2025-08-08 10:15:00,PUT,STOP_LOSS,2025-08-08 11:19:00,64.0,-0.8400000000000034,0.38,221.18,91897.0,0.1856507612479039,54.348431519726944,221.2825056461193,221.12327206926184,220.95451907730663,220.86859100349025,0.8514539583709736,1.2004858971644252,1.2062438706072296,-11400538.0,43.72312680355643,65.26997973472022,220.34,26535.0,0.1121589045785948,38.13502810811202,220.433322270448,220.49356602624567,220.64265874174748,220.84507077898155,0.5069072924158761,0.4770857671848383,0.4712189317988955,-11992605.0,43.84389936981896,56.3860194818205
9,2025-08-08 10:15:00,PUT,RUNNER,2025-08-08 11:40:00,85.0,-1.3499999999999943,0.61,221.18,91897.0,0.1856507612479039,54.348431519726944,221.2825056461193,221.12327206926184,220.95451907730663,220.86859100349025,0.8514539583709736,1.2004858971644252,1.2062438706072296,-11400538.0,43.72312680355643,65.26997973472022,219.83,54652.0,0.1204490892931531,27.105616453943924,220.05309868205936,220.180892424024,220.3823048663732,220.78852866029905,1.2696967127326289,0.9740371272396292,0.9734353848815788,-12372384.0,8.268780454038906,20.806951288242
10,2025-08-08 10:38:00,PUT,EXIT,2025-08-08 11:01:00,23.0,-0.8091000000000008,0.366,221.1591,33111.0,0.1446679811882312,56.05993188735506,221.09934365615783,221.05694411044928,220.99938571019192,220.90050063537117,0.5379262278636071,0.5609316574666825,0.5551283412597731,-11580641.0,83.65229386273782,75.2610191235869,220.35,107287.0,0.1222772362590307,25.865737112443668,220.5487712760521,220.6796719774413,220.82210944211687,220.8805158557609,2.1541757522457945,1.8426402487879732,1.880365769740996,-12014758.0,4.106495780970161,6.842962724055042
10,2025-08-08 10:38:00,PUT,STOP_LOSS,2025-08-08 11:19:00,41.0,-0.8190999999999917,0.37,221.1591,33111.0,0.1446679811882312,56.05993188735506,221.09934365615783,221.05694411044928,220.99938571019192,220.90050063537117,0.5379262278636071,0.5609316574666825,0.5551283412597731,-11580641.0,83.65229386273782,75.2610191235869,220.34,26535.0,0.1121589045785948,38.13502810811202,220.433322270448,220.49356602624567,220.64265874174748,220.84507077898155,0.5069072924158761,0.4770857671848383,0.4712189317988955,-11992605.0,43.84389936981896,56.3860194818205
10,2025-08-08 10:38:00,PUT,RUNNER,2025-08-08 11:40:00,62.0,-1.3290999999999826,0.601,221.1591,33111.0,0.1446679811882312,56.05993188735506,221.09934365615783,221.05694411044928,220.99938571019192,220.90050063537117,0.5379262278636071,0.5609316574666825,0.5551283412597731,-11580641.0,83.65229386273782,75.2610191235869,219.83,54652.0,0.1204490892931531,27.105616453943924,220.05309868205936,220.180892424024,220.3823048663732,220.78852866029905,1.2696967127326289,0.9740371272396292,0.9734353848815788,-12372384.0,8.268780454038906,20.806951288242
11,2025-08-08 09:41:00,CALL,EXIT,2025-08-08 09:53:00,12.0,0.4299999999999784,0.195,220.3,81426.0,0.1639220268256102,27.044028278533705,220.5468120582204,220.72498083341708,220.9094795990744,220.87909669384663,0.8240059301387157,0.7615679959073517,0.7572690156919066,-11565939.0,7.918291223499691,9.967369707534582,220.73,130238.0,0.1820137677752711,53.97874822347788,220.5429923134758,220.5806985685702,220.75527526534717,220.75461883881664,1.15463519031737,1.3899790667971208,1.403006283010428,-11495440.0,89.95984222471365,83.31346291577837
11,2025-08-08 09:41:00,CALL,STOP_LOSS,2025-08-08 10:01:00,20.0,0.5600000000000023,0.254,220.3,81426.0,0.1639220268256102,27.044028278533705,220.5468120582204,220.72498083341708,220.9094795990744,220.87909669384663,0.8240059301387157,0.7615679959073517,0.7572690156919066,-11565939.0,7.918291223499691,9.967369707534582,220.86,162461.0,0.1735127230026335,59.231730999664485,220.6056015980953,220.5881058078372,220.7083006976423,220.7315414868501,1.7535219172700232,1.9317165420347029,1.9755414138138696,-11225023.0,74.55410030886493,67.6473432530039
11,2025-08-08 09:41:00,CALL,RUNNER,2025-08-08 10:09:00,28.0,1.174999999999983,0.533,220.3,81426.0,0.1639220268256102,27.044028278533705,220.5468120582204,220.72498083341708,220.9094795990744,220.87909669384663,0.8240059301387157,0.7615679959073517,0.7572690156919066,-11565939.0,7.918291223499691,9.967369707534582,221.475,124681.0,0.1928190799021672,70.52399355756894,221.16987566421196,220.95263327491372,220.8514891500308,220.8149734952281,1.198974513822042,1.5302626940735065,1.5498297632549076,-11242282.0,93.2414321856354,91.63951042109473
12,2025-08-08 09:30:00,CALL,EXIT,2025-08-08 09:36:00,6.0,-0.5,-0.226,221.19,382709.0,0.0738660182352996,66.1206368745905,221.0306721926425,221.0059480132682,221.0644193093664,221.1525932951805,18.281083559831284,0.8167935953285713,0.8132461689778274,-10435128.0,91.94272156967584,82.91815833760153,220.69,121714.0,0.1427679357150708,32.147515310105064,220.86429461126812,220.92353702535297,221.01490634501644,220.99966801248345,1.6820816717719875,0.9174394234632453,0.9156395251989532,-11341281.0,13.408947571344248,31.593362341895663
12,2025-08-08 09:30:00,CALL,STOP_LOSS,2025-08-08 09:38:00,8.0,-0.6349999999999909,-0.287,221.19,382709.0,0.0738660182352996,66.1206368745905,221.0306721926425,221.0059480132682,221.0644193093664,221.1525932951805,18.281083559831284,0.8167935953285713,0.8132461689778274,-10435128.0,91.94272156967584,82.91815833760153,220.555,86727.0,0.1527182711012608,28.404123435978363,220.78014855121165,220.8713307622504,220.9859477640848,220.97464041536668,1.080124792168731,0.6926248141800408,0.68759269672943,-11355242.0,8.017725571737158,19.38664475533396
12,2025-08-08 09:30:00,CALL,RUNNER,2025-08-08 09:40:00,10.0,-0.9998999999999967,-0.452,221.19,382709.0,0.0738660182352996,66.1206368745905,221.0306721926425,221.0059480132682,221.0644193093664,221.1525932951805,18.281083559831284,0.8167935953285713,0.8132461689778274,-10435128.0,91.94272156967584,82.91815833760153,220.1901,182747.0,0.1657621827352714,19.25045067230828,220.6085150727755,220.7697156579873,220.93435631740397,220.8997057213221,1.9270869032918665,1.7679517004292695,1.8008800067010589,-11647365.0,3.563433587438737,10.991908949552029
