direction,combo_size,setup,win_rate,trades,avg_return_bps,confidence,timeframe
Bullish,3,RSI > 70 + StochRSI Oversold + OBV Falling,0.7777777777777778,54,22.476550424938264,Moderate,15m
Bullish,3,RSI > 70 + StochRSI Oversold + ATR Normal,0.7027027027027027,111,18.396887421959704,Good,15m
Bullish,3,RSI > 70 + Above EMA20 + StochRSI Oversold,0.6902654867256637,113,16.578125380337077,Good,15m
Bullish,3,RSI > 70 + StochRSI Oversold + Within OB,0.6902654867256637,113,16.578125380337077,Good,15m
Bullish,3,RSI > 70 + EMA9 > EMA20 + StochRSI Oversold,0.6902654867256637,113,16.578125380337077,Good,15m
Bullish,3,RSI > 70 + StochRSI Oversold + No OB Test,0.6902654867256637,113,16.578125380337077,Good,15m
Bullish,2,RSI > 70 + StochRSI Oversold,0.6902654867256637,113,16.578125380337077,Good,15m
Bullish,3,RSI > 70 + Above EMA9 + StochRSI Oversold,0.6788990825688074,109,16.285201174609533,Good,15m
Bullish,3,RSI < 30 + Above EMA9 + ATR High (>1.5x),0.6774193548387096,31,1.115460511727596,Moderate,
Bullish,3,RSI < 30 + Above EMA9 + StochRSI Neutral,0.6764705882352942,34,0.9391023482729582,Moderate,
Bullish,3,RSI > 70 + RVOL < 0.8 + StochRSI Oversold,0.6666666666666666,75,12.08233522252392,Moderate,15m
Bearish,3,Below EMA20 + EMA9 > EMA20 + StochRSI Overbought,0.6591511936339522,754,0.3233839909905812,High,
Bearish,3,Below VWAP + Above EMA9 + ATR Low (<0.5x),0.6585365853658537,41,0.7540579153225295,Moderate,
Bullish,3,Below EMA9 + Above EMA20 + StochRSI Overbought,0.6444444444444445,90,13.371927449616177,Moderate,15m
Bullish,3,RVOL 0.8-1.5 + ATR High (>1.5x) + Strat 1,0.639344262295082,61,21.49081209126547,Moderate,15m
Bullish,3,Below EMA9 + EMA9 > EMA20 + StochRSI Overbought,0.6382978723404256,141,13.746978400640023,Good,15m
Bullish,3,RVOL < 0.8 + OBV Rising + ATR Low (<0.5x),0.6363636363636364,66,9.353867529622155,Moderate,5m
Bullish,3,RSI < 30 + Strat 3 + Prev 1,0.6351351351351351,74,14.692116282805737,Moderate,15m
Bullish,3,EMA9 > EMA20 + ATR High (>1.5x) + Strat 1,0.6285714285714286,70,20.498160742488196,Moderate,15m
Bullish,3,Below EMA20 + EMA9 > EMA20 + StochRSI Overbought,0.6274509803921569,51,14.408833020093864,Moderate,15m
Bullish,3,RVOL > 1.5 + Strat 1 + Prev 1,0.625,56,12.997813714719939,Moderate,15m
Bullish,3,RSI 30-50 + Strat 3 + Prev 3,0.6235294117647059,85,13.891634913973286,Moderate,15m
Bullish,3,RSI 50-70 + RVOL < 0.8 + ATR Low (<0.5x),0.6229508196721312,61,2.0330994690645423,Moderate,5m
Bullish,3,RSI 50-70 + Below EMA9 + StochRSI Overbought,0.6197183098591549,71,7.010920069601713,Moderate,15m
Bullish,3,RVOL > 1.5 + StochRSI Overbought + ATR High (>1.5x),0.618421052631579,76,27.563748002069072,Moderate,15m
Bullish,3,EMA9 < EMA20 + ATR High (>1.5x) + Strat 3,0.6166666666666667,60,7.8953797662155685,Moderate,15m
Bullish,3,EMA9 < EMA20 + Strat 3 + Prev 3,0.6153846153846154,91,11.091400763897571,Moderate,15m
Bullish,3,RVOL < 0.8 + StochRSI Neutral + ATR Low (<0.5x),0.6153846153846154,65,7.080733091738109,Moderate,5m
Bullish,3,RSI 30-50 + Below EMA9 + Above EMA20,0.6144578313253012,83,9.302666299332053,Moderate,15m
Bullish,3,Above EMA9 + ATR High (>1.5x) + Strat 1,0.6133333333333333,75,17.22279319839394,Moderate,15m
Bullish,3,Below EMA9 + ATR High (>1.5x) + Strat 3,0.6129032258064516,62,17.48813474103271,Moderate,15m
Bullish,3,RVOL < 0.8 + ATR Low (<0.5x) + Within OB,0.6122448979591837,98,9.657857098810146,Moderate,5m
Bullish,3,Below EMA20 + ATR High (>1.5x) + Strat 3,0.6101694915254238,59,16.08854290729241,Moderate,15m
Bullish,3,RSI > 70 + StochRSI Oversold + OBV Rising,0.6101694915254238,59,11.179566864939389,Moderate,15m
Bullish,3,RSI < 30 + Strat 1 + Prev 2U,0.609375,64,10.950026049492324,Moderate,15m
Bullish,3,RSI 50-70 + StochRSI Neutral + ATR Low (<0.5x),0.6086956521739131,69,0.8982726406425562,Moderate,5m
Bullish,3,Below EMA9 + StochRSI Overbought + Strat 3,0.6083333333333333,120,13.05600997712227,Good,15m
Bullish,3,RSI < 30 + RVOL 0.8-1.5 + Strat 3,0.6083333333333333,120,4.5347356313779335,Good,15m
Bullish,3,Above EMA9 + StochRSI Oversold + Strat 2D,0.6076555023923444,209,2.5009534188037685,Good,15m
Bearish,2,Above OB + No OB Test,0.6071428571428571,56,12.884826272277218,Moderate,5m
Bearish,3,ATR Normal + Above OB + No OB Test,0.6071428571428571,56,12.884826272277218,Moderate,5m
Bullish,3,StochRSI Overbought + Strat 3 + Prev 2D,0.6068965517241379,290,5.590811734954406,Good,15m
Bullish,3,RVOL < 0.8 + ATR Low (<0.5x) + No OB Test,0.6067415730337079,89,10.284625139581067,Moderate,5m
Bullish,3,Below EMA20 + Strat 3 + Prev 3,0.6067415730337079,89,11.148605217237575,Moderate,15m
Bullish,3,RVOL < 0.8 + Strat 3 + Prev 3,0.6052631578947368,76,4.193401062594316,Moderate,15m
Bullish,3,Above EMA20 + OBV Falling + ATR High (>1.5x),0.6046511627906976,129,-6.053688549888316,Good,15m
Bullish,3,RSI 50-70 + Below EMA20 + RVOL > 1.5,0.6028368794326241,282,13.310850488333694,Good,15m
Bullish,3,EMA9 > EMA20 + OBV Falling + ATR High (>1.5x),0.6025641025641025,156,5.322403080419298,Good,15m
Bearish,3,RSI > 70 + Strat 1 + Prev 3,0.6024096385542169,83,10.610447986068284,Moderate,15m
Bullish,3,RSI 50-70 + OBV Falling + ATR High (>1.5x),0.6017699115044248,113,4.262951504619356,Good,15m
Bullish,3,RSI < 30 + RVOL > 1.5 + Prev 1,0.6007905138339921,253,13.226730062914342,Good,15m
Bearish,3,Above EMA20 + Above OB + No OB Test,0.6,55,12.560855236907965,Moderate,5m
Bearish,3,EMA9 > EMA20 + Above OB + No OB Test,0.6,55,12.293270054915347,Moderate,5m
Bullish,3,RVOL 0.8-1.5 + ATR High (>1.5x) + Prev 1,0.6,60,17.43776255197177,Moderate,15m
Bullish,3,StochRSI Neutral + ATR High (>1.5x) + Strat 3,0.6,60,8.212005371472744,Moderate,15m
Bullish,3,StochRSI Neutral + ATR High (>1.5x) + Strat 1,0.6,95,14.783349211142133,Moderate,15m
Bullish,3,ATR High (>1.5x) + Strat 1 + Prev 2D,0.6,75,10.907822634771074,Moderate,15m
Bearish,3,StochRSI Oversold + ATR High (>1.5x) + Prev 2U,0.6,50,4.628435776497386,Moderate,15m
