Run Date,Strategy,company,ticker,maxProfit,nextEPSDate,releaseTime,confirmDate,expDate,lastTrade,avgEPSMove,epsImpact,callStrike,putStrike,callBid,putBid,maxReturn,#REF!,#REF!,#REF!,#REF!,#REF!,#REF!,#REF!,#REF!,#REF!,#REF!,#REF!,#REF!,#REF!,#REF!,#REF!,#REF!,#REF!,#REF!,,,,,,,,,,,,#REF!,,,#REF!,#REF!,#ERROR!,#ERROR!,#REF!,#ERROR!
2025-10-18 18:02:44,Strangles,"Meta Platforms, Inc.",META,25.15,2025-10-29 0:00:00,3,2025-10-01 17:49:50,2025-10-31 0:00:00,716.915,0.0609,0.0458,765,670,12.5,12.65,0.035,Meta Platforms Inc,716.92,0.68,718.54,706.12,796.25,479.8,12232441,21654738,1800992226731,26,1.2,22.90143681,0.5648851997,1.647525876,-7.895886328,1.391638853,12,,,,,,,,,,,,64,,,716.92,716.92,UNKNOWN,,2025-10-19 5:18:44,0
2025-10-18 18:02:44,Strangles,Amphenol Corp.,APH,8.5,2025-10-22 0:00:00,1,2025-09-22 8:31:22,2025-11-21 0:00:00,125.65,0.0449,0.0879,135,120,3.9,4.6,0.0676,Amphenol Corp,125.65,-1.34,127.05,124.46,128.12,56.45,5884348,6568644,153408725512,50.13,1.04,27.37934932,0.8958238565,3.245686113,1.379699855,-0.4673637516,33,,,,,,,,,,,,70,,,125.65,125.65,UNKNOWN,,2025-10-19 5:18:44,0
2025-10-18 18:02:44,Strangles,"Home Depot, Inc.",HD,18.8,2025-11-18 0:00:00,1,2025-10-12 9:51:01,2025-11-21 0:00:00,391.9,0.0154,,400,385,9.7,9.1,0.0479,Home Depot Inc,391.9,1.16,393.11,387.2,439.37,326.31,2657712,3653724,390091963274,26.63,1.01,15.42901945,0.7273981286,4.298070526,-5.723014747,0.8751608752,33,,,,,,,,,,,,70,,,391.9,391.9,UNKNOWN,,2025-10-19 5:18:44,0
2025-10-18 18:02:44,Strangles,Intel Corp.,INTC,1.63,2025-10-23 0:00:00,3,2025-10-08 16:31:06,2025-10-24 0:00:00,37.01,0.102,0.1229,41,33,1.01,0.62,0.044,Intel Corp,37.01,0.46,38.38,36.08,39.65,17.67,119394707,112086069,172846314761,,1.32,89.09114957,1.065205588,1.759692054,21.06640497,1.787678768,5,,,,,,,,,,,,50.65205588,,,37.01,37.01,UNKNOWN,,2025-10-19 5:18:44,0
2025-10-18 18:02:44,Strangles,Flutter Entertainment,FLUT,17.5,2025-11-12 0:00:00,2,2025-10-13 0:00:00,2025-11-21 0:00:00,251.86,0.026,,260,240,9.9,7.6,0.0694,Flutter Entertainment PLC,251.86,0.8,253,248.16,313.69,196.88,2140413,3199447,44178586405,124.95,1.11,42.30596533,0.6689946731,3.997027005,-10.79233521,0.8933221167,33,,,,,,,,,,,,70,,,251.86,251.86,UNKNOWN,,2025-10-19 5:18:44,0
2025-10-18 18:02:44,Strangles,Keurig Dr Pepper,KDP,1.55,2025-10-27 0:00:00,1,2025-09-25 11:19:02,2025-11-21 0:00:00,28.03,0.0258,0.0678,29,27,0.85,0.7,0.0552,Keurig Dr Pepper Inc,28.03,1.12,28.13,27.5,37.27,25.03,23230597,23707282,38076933982,24.87,0.42,25.4074042,0.9798928869,8.55925639,3.393581704,1.009009009,33,,,,,,,,,,,,70,,,28.03,28.03,UNKNOWN,,2025-10-19 5:18:44,0
2025-10-18 18:02:44,Strangles,"MicroStrategy, Inc.",MSTR,17.05,2025-10-30 0:00:00,3,2025-10-13 0:00:00,2025-10-31 0:00:00,289.87,0.0641,0.0623,310,270,8,9.05,0.0588,Strategy Inc Class A,289.87,2.12,292.8,279,542.99,197.1,13110673,9550967,83224168480,25.5,3.83,56.95792877,1.372706345,-4.895173726,-15.91878173,3.795609983,12,,,,,,,,,,,,67.72706345,,,289.87,289.87,UNKNOWN,,2025-10-19 5:18:44,0
2025-10-18 18:02:44,Strangles,"Alaska Air Group, Inc.",ALK,3.25,2025-10-23 0:00:00,3,2025-10-06 17:42:26,2025-11-21 0:00:00,47.31,0.0502,0.1067,50,42.5,2.05,1.2,0.0686,Alaska Air Group Inc,47.31,-0.98,47.98,47.07,78.08,39.79,2223675,5103268,5455335182,19.21,1.4,36.28899907,0.4357354934,0.1905972046,-17.57839721,-0.8799497172,33,,,,,,,,,,,,70,,,47.31,47.31,UNKNOWN,,2025-10-19 5:18:44,0
2025-10-18 18:02:44,Strangles,Arcturus Therapeutics,ARCT,8.1,2025-11-10 0:00:00,3,,2025-11-21 0:00:00,20.66,0.0807,,22.5,17.5,4.6,3.5,0.392,Arcturus Therapeutics Holdings Inc,20.66,-4.92,22.13,20.4,23.6,8.04,647327,1476248,561012379,,2.39,91.00091822,0.4384947516,9.023746702,5.300713558,-3.548085901,33,,,,,,,,,,,,70,,,20.66,20.66,UNKNOWN,,2025-10-19 5:18:44,0
2025-10-18 18:02:44,Strangles,"Pfizer, Inc.",PFE,0.7,2025-11-04 0:00:00,1,2025-09-23 10:17:19,2025-11-07 0:00:00,24.51,0.0322,,25.5,23.5,0.32,0.38,0.0285,Pfizer Inc,24.51,1.16,24.53,24.16,29.37,20.92,40101861,62945613,139352831801,13.01,0.54,35.02740283,0.6370874647,-1.089588378,1.49068323,1.280991736,19,,,,,,,,,,,,70,,,24.51,24.51,UNKNOWN,,2025-10-19 5:18:44,0
2025-10-18 18:02:44,Strangles,"Rivian Automotive, Inc.",RIVN,1.08,2025-11-04 0:00:00,3,2025-10-02 18:00:16,2025-11-07 0:00:00,13.03,0.0452,,14,12,0.61,0.47,0.0828,Rivian Automotive Inc,13.03,0.93,13.22,12.87,17.14,9.5,24003756,29514117,15811040000,,1.82,44.76504093,0.8132974468,1.796875,-11.23978202,1.007751938,19,,,,,,,,,,,,70,,,13.03,13.03,UNKNOWN,,2025-10-19 5:18:44,0
2025-10-18 18:02:44,Strangles,"Robinhood Markets, Inc.",HOOD,11.2,2025-11-05 0:00:00,3,2025-10-02 14:49:09,2025-11-07 0:00:00,129.91,0.0757,,140,120,5.75,5.45,0.0862,Robinhood Markets Inc,129.91,-1.16,131.21,125.6,153.86,23,25237067,28116986,115447824468,66.22,2.42,69.79729439,0.8975736944,-6.512665515,4.111235775,1.365480649,19,,,,,,,,,,,,70,,,129.91,129.91,UNKNOWN,,2025-10-19 5:18:44,0
2025-10-18 18:02:44,Strangles,Elevance Health ,ELV,16.3,2025-10-21 0:00:00,1,2025-09-30 8:50:03,2025-11-21 0:00:00,348.77,0.0613,0.077,380,320,8.8,7.5,0.0467,Elevance Health Inc,348.77,0.17,351.21,345.93,458.75,273.71,1440079,1725369,78535440000,,0.59,26.02741197,0.8346498633,-1.265428604,11.17592681,0.06598955644,33,,,,,,,,,,,,70,,,348.77,348.77,UNKNOWN,,2025-10-19 5:18:44,0
2025-10-18 18:02:44,Strangles,PayPal,PYPL,3.31,2025-10-28 0:00:00,1,2025-10-09 8:04:47,2025-10-31 0:00:00,67.41,0.0632,0.0579,72,63,1.75,1.56,0.0491,PayPal Holdings Inc,67.41,2.06,67.71,65.45,93.64,55.85,11151457,16769862,64402054701,14.43,1.44,40.06399195,0.6649701113,-3.479381443,-1.187335092,2.853219408,12,,,,,,,,,,,,64,,,67.41,67.41,UNKNOWN,,2025-10-19 5:18:44,0
2025-10-18 18:02:44,Strangles,VF Corp.,VFC,0.91,2025-10-28 0:00:00,1,2025-10-07 16:32:35,2025-10-31 0:00:00,14.28,0.0987,0.0924,16,12.5,0.51,0.4,0.0637,VF Corp,14.28,0.78,14.38,13.99,29.02,9.41,5100502,5922600,5578003515,,1.76,45.94570581,0.8611930571,7.449209932,-1.108033241,1.564722617,12,,,,,,,,,,,,64,,,14.28,14.28,UNKNOWN,,2025-10-19 5:18:44,0
2025-10-18 18:02:44,Strangles,"Freeport-McMoRan Copper & Gold, Inc.",FCX,1.2,2025-10-23 0:00:00,1,2025-10-10 9:11:52,2025-10-24 0:00:00,41.18,0.0256,0.058,42.5,40,0.58,0.62,0.0291,Freeport-McMoRan Inc,41.18,-1.25,41.99,40.71,50.12,27.66,14027524,26706833,59125173758,30.9,1.58,71.18613118,0.5252410123,0.7338551859,-8.36671117,-1.009615385,5,,,,,,,,,,,,50,,,41.18,41.18,UNKNOWN,,2025-10-19 5:18:44,0
2025-10-18 18:02:44,Strangles,"Netflix, Inc.",NFLX,34.65,2025-10-21 0:00:00,3,2025-10-17 7:02:08,2025-10-24 0:00:00,1199.36,0.0633,0.0809,1280,1120,18.25,16.4,0.0288,Netflix Inc,1199.36,1.33,1203.12,1178.95,1341.15,736.23,2957101,2968596,509639600943,51.11,1.59,22.36979131,0.9961277991,-1.698249295,-2.250258768,1.331530923,5,,,,,,,,,,,,50,,,1199.36,1199.36,UNKNOWN,,2025-10-19 5:18:44,0
2025-10-18 18:02:44,Strangles,Quantumscape Corp,QS,1.51,2025-10-22 0:00:00,3,2025-10-08 16:35:04,2025-10-24 0:00:00,15.36,0.0822,0.1862,17,14,0.8,0.71,0.0983,Quantumscape Corp,15.36,-0.65,15.98,14.92,19.07,3.4,29748855,50445099,8694099261,,4.86,126.7590665,0.5897273588,4.489795918,14.45603577,0.4578155657,5,,,,,,,,,,,,50,,,15.36,15.36,UNKNOWN,,2025-10-19 5:18:44,0
2025-10-18 18:02:44,Strangles,Google,GOOG,9.5,2025-10-29 0:00:00,3,2025-10-09 8:03:15,2025-10-31 0:00:00,253.79,0.0453,0.0473,267.5,240,5.05,4.45,0.0374,Alphabet Inc Class C,253.79,0.76,254.88,248.59,257.58,142.66,17653826,18309030,3065707667935,27.44,1,22.77402916,0.964214161,6.863446882,-0.5680927754,0.9707579073,12,,,,,,,,,,,,64,,,253.79,253.79,UNKNOWN,,2025-10-19 5:18:44,0
2025-10-18 18:02:44,Strangles,"Rocket Lab USA, Inc.",RKLB,14.35,2025-11-12 0:00:00,3,,2025-11-14 0:00:00,66.27,0.0109,,67,65,7.5,6.85,0.2165,Rocket Lab Corp,66.27,-1.09,68.5,63.7,73.97,10.29,16892933,31020499,32072073964,,2.14,77.05971477,0.5445732191,3.127917834,38.66917765,0.5767187737,26,,,,,,,,,,,,70,,,66.27,66.27,UNKNOWN,,2025-10-19 5:18:44,0
2025-10-18 18:02:44,Strangles,"Apple, Inc.",AAPL,7.2,2025-10-30 0:00:00,3,2025-10-05 16:55:34,2025-10-31 0:00:00,252.29,0.0248,0.0339,260,245,3.6,3.6,0.0285,Apple Inc,252.29,1.96,253.38,247.27,260.09,169.21,49146961,44664118,3744081893463,38.35,1.09,25.36146078,1.100367884,2.862151914,2.765784114,1.721635352,12,,,,,,,,,,,,65.00367884,,,252.29,252.29,UNKNOWN,,2025-10-19 5:18:44,0
2025-10-18 18:02:44,Strangles,Walt Disney Co,DIS,3.81,2025-11-13 0:00:00,1,2025-10-01 16:03:12,2025-11-14 0:00:00,110.67,0.0601,,118,104,1.88,1.93,0.0344,Walt Disney Co,110.67,0.72,111.46,109.44,124.69,80.1,10090543,6141223,198977352487,17.35,1.54,14.12626565,1.643083633,1.355435479,-3.647919206,0.8474576271,26,,,,,,,,,,,,76.43083633,,,110.67,110.67,UNKNOWN,,2025-10-19 5:18:44,0
2025-10-18 18:02:44,Strangles,"Applied Materials, Inc.",AMAT,14.5,2025-11-17 0:00:00,3,,2025-11-21 0:00:00,224.99,0.0658,,240,210,7.6,6.9,0.0644,Applied Materials Inc,224.99,-1.2,227.36,222.7,232.07,123.74,5272810,7891854,179236555453,26.85,1.82,45.27052099,0.6681332422,7.163610383,18.35349816,-0.6535081909,33,,,,,,,,,,,,70,,,224.99,224.99,UNKNOWN,,2025-10-19 5:18:44,0
2025-10-18 18:02:44,Strangles,Charter Communications Inc.,CHTR,13.3,2025-10-31 0:00:00,1,2025-09-22 16:48:46,2025-11-07 0:00:00,253.16,0.1046,0.0766,280,225,7.5,5.8,0.0525,Charter Communications Inc,253.16,-0.85,256.6,251.23,437,251.23,1727607,1341127,34579352744,6.75,1.05,27.38454059,1.288175542,-2.439400362,-3.436701377,-0.5655930872,19,,,,,,,,,,,,72.88175542,,,253.16,253.16,UNKNOWN,,2025-10-19 5:18:44,0
2025-10-18 18:02:44,Strangles,Coca-Cola Company,KO,0.86,2025-10-21 0:00:00,1,2025-09-29 11:58:13,2025-10-24 0:00:00,68.44,0.0148,0.0313,70,67,0.42,0.44,0.0125,Coca-Cola Co,68.44,1.26,68.5,67.8,74.38,60.62,15541769,14333320,294542979986,24.25,0.43,12.34537796,1.084310474,2.088305489,3.025741382,0.6470588235,5,,,,,,,,,,,,50.84310474,,,68.44,68.44,UNKNOWN,,2025-10-19 5:18:44,0
2025-10-18 18:02:44,Strangles,"UnitedHealth Group, Inc.",UNH,6.58,2025-10-28 0:00:00,1,2025-10-17 7:02:08,2025-10-31 0:00:00,356.6,0.0929,0.0451,390,320,3.8,2.78,0.0184,UnitedHealth Group Inc,356.6,-0.02,358.39,350.83,630.73,234.6,8608378,7181663,322963175627,15.44,0.47,32.33351068,1.198660812,0.5923836389,5.913451543,1.595441595,12,,,,,,,,,,,,65.98660812,,,356.6,356.6,UNKNOWN,,2025-10-19 5:18:44,0
2025-10-18 18:02:44,Strangles,"Agnico-Eagle Mines, Ltd",AEM,9.5,2025-10-29 0:00:00,3,2025-09-30 8:24:21,2025-10-31 0:00:00,174.49,0.0186,0.0504,180,170,4.8,4.7,0.0544,Agnico Eagle Mines Ltd,174.49,-5.95,182.2,170.43,187.5,75.17,4081908,2834546,96090633983,29.68,0.46,38.09498156,1.440057067,6.150383258,8.251132204,-4.094756513,12,,,,,,,,,,,,68.40057067,,,174.49,174.49,UNKNOWN,,2025-10-19 5:18:44,0
2025-10-18 18:02:44,Strangles,NIOCORP DEVLPMT,NB,2.25,2025-11-12 0:00:00,1,,2025-11-21 0:00:00,8.11,0.0268,,10,7.5,1.05,1.2,0.2774,NioCorp Developments Ltd,8.11,-2.29,8.94,7.95,12.58,1.27,12218502,17694549,909500777,,-0.06,115.9837092,0.6905235053,-21.94417709,38.16013629,1.375,33,,,,,,,,,,,,70,,,8.11,8.11,UNKNOWN,,2025-10-19 5:18:44,0
2025-10-18 18:02:44,Strangles,"Tesla, Inc.",TSLA,6.26,2025-10-22 0:00:00,3,2025-10-02 9:04:29,2025-10-24 0:00:00,439.31,0.1046,0.0794,487.5,390,3.55,2.71,0.0142,Tesla Inc,439.31,2.46,441.46,423.6,488.54,212.11,89331578,85324878,1376564698049,254.62,2.08,52.49011402,1.046958169,6.244407362,3.107470603,3.24559342,5,,,,,,,,,,,,50.46958169,,,439.31,439.31,UNKNOWN,,2025-10-19 5:18:44,0
2025-10-18 18:02:44,Strangles,"Amazon.com, Inc.",AMZN,8.1,2025-10-30 0:00:00,3,2025-10-16 16:08:51,2025-10-31 0:00:00,213.04,0.0495,0.0506,225,200,4.4,3.7,0.038,Amazon.com Inc,213.04,-0.67,214.8,211.03,242.52,161.43,45986944,43690876,2272052354797,32.51,1.28,25.22118886,1.052552574,-1.539030365,-7.966130983,-0.7084265474,12,,,,,,,,,,,,64.52552574,,,213.04,213.04,UNKNOWN,,2025-10-19 5:18:44,0
2025-10-18 18:02:44,Strangles,Toast,TOST,2.86,2025-11-10 0:00:00,3,,2025-11-14 0:00:00,37.5,0.0828,,41,34,1.52,1.34,0.0762,Toast Inc,37.5,0.27,37.86,36.87,49.66,28.12,4245611,6849296,21862500000,102.46,1.94,35.52955183,0.6198609317,7.204116638,-8.82567469,1.132686084,26,,,,,,,,,,,,70,,,37.5,37.5,UNKNOWN,,2025-10-19 5:18:44,0
2025-10-18 18:02:44,Strangles,Alphabet Inc.,GOOGL,9.5,2025-10-29 0:00:00,3,2025-10-09 8:02:59,2025-10-31 0:00:00,253.3,0.0468,0.0475,267.5,240,4.85,4.65,0.0375,Alphabet Inc Class A,253.3,0.73,254.22,247.81,256.96,140.53,29671629,28894653,3065707667935,27.39,1,23.2412455,1.026889958,7.071902608,-0.5574748744,1.012920721,12,,,,,,,,,,,,64.26889958,,,253.3,253.3,UNKNOWN,,2025-10-19 5:18:44,0
2025-10-18 18:02:44,Strangles,Biohaven Pharmaceutical Holding Company Ltd.,BHVN,8.5,2025-11-10 0:00:00,3,,2025-11-21 0:00:00,15.95,0.0841,,17.5,12.5,5.1,3.4,0.5329,Biohaven Ltd,15.95,-3.22,16.68,15.81,54.98,12.79,1628993,2050513,1687366429,,3.42,83.40564334,0.79443193,0.9493670886,11.38268156,-1.96681008,33,,,,,,,,,,,,70,,,15.95,15.95,UNKNOWN,,2025-10-19 5:18:44,0
2025-10-19 8:17:52,Strangles,Amphenol Corp.,APH,8.5,2025-10-22 0:00:00,1,2025-09-22 8:31:22,2025-11-21 0:00:00,125.65,0.0449,0.0879,135,120,3.9,4.6,0.0676,Amphenol Corp,125.65,-1.34,127.05,124.46,128.12,56.45,5884348,6568644,153408725512,50.13,1.04,27.37934932,0.8958238565,3.245686113,1.379699855,-0.4673637516,33,,,,,,,,,,,,70,,,125.65,125.65,UNKNOWN,,2025-10-19 5:18:44,0
2025-10-19 8:17:52,Strangles,"Meta Platforms, Inc.",META,25.15,2025-10-29 0:00:00,3,2025-10-01 17:49:50,2025-10-31 0:00:00,716.915,0.0609,0.0458,765,670,12.5,12.65,0.035,Meta Platforms Inc,716.92,0.68,718.54,706.12,796.25,479.8,12232441,21654738,1800992226731,26,1.2,22.90143681,0.5648851997,1.647525876,-7.895886328,1.391638853,12,,,,,,,,,,,,64,,,716.92,716.92,UNKNOWN,,2025-10-19 5:18:44,0
2025-10-19 8:17:52,Strangles,"Home Depot, Inc.",HD,18.8,2025-11-18 0:00:00,1,2025-10-12 9:51:01,2025-11-21 0:00:00,391.9,0.0154,,400,385,9.7,9.1,0.0479,Home Depot Inc,391.9,1.16,393.11,387.2,439.37,326.31,2657712,3653724,390091963274,26.63,1.01,15.42901945,0.7273981286,4.298070526,-5.723014747,0.8751608752,33,,,,,,,,,,,,70,,,391.9,391.9,UNKNOWN,,2025-10-19 5:18:44,0
2025-10-19 8:17:52,Strangles,Quantumscape Corp,QS,1.51,2025-10-22 0:00:00,3,2025-10-08 16:35:04,2025-10-24 0:00:00,15.36,0.0822,0.1862,17,14,0.8,0.71,0.0983,Quantumscape Corp,15.36,-0.65,15.98,14.92,19.07,3.4,29748855,50445099,8694099261,,4.86,126.7590665,0.5897273588,4.489795918,14.45603577,0.4578155657,5,,,,,,,,,,,,50,,,15.36,15.36,UNKNOWN,,2025-10-19 5:18:44,0
2025-10-19 8:17:52,Strangles,Google,GOOG,9.5,2025-10-29 0:00:00,3,2025-10-09 8:03:15,2025-10-31 0:00:00,253.79,0.0453,0.0473,267.5,240,5.05,4.45,0.0374,Alphabet Inc Class C,253.79,0.76,254.88,248.59,257.58,142.66,17653826,18309030,3065707667935,27.44,1,22.77402916,0.964214161,6.863446882,-0.5680927754,0.9707579073,12,,,,,,,,,,,,64,,,253.79,253.79,UNKNOWN,,2025-10-19 5:18:44,0
2025-10-19 8:17:52,Strangles,"Rocket Lab USA, Inc.",RKLB,14.35,2025-11-12 0:00:00,3,,2025-11-14 0:00:00,66.27,0.0109,,67,65,7.5,6.85,0.2165,Rocket Lab Corp,66.27,-1.09,68.5,63.7,73.97,10.29,16892933,31020499,32072073964,,2.14,77.05971477,0.5445732191,3.127917834,38.66917765,0.5767187737,26,,,,,,,,,,,,70,,,66.27,66.27,UNKNOWN,,2025-10-19 5:18:44,0
2025-10-19 8:17:52,Strangles,Intel Corp.,INTC,1.63,2025-10-23 0:00:00,3,2025-10-08 16:31:06,2025-10-24 0:00:00,37.01,0.102,0.1229,41,33,1.01,0.62,0.044,Intel Corp,37.01,0.46,38.38,36.08,39.65,17.67,119394707,112086069,172846314761,,1.32,89.09114957,1.065205588,1.759692054,21.06640497,1.787678768,5,,,,,,,,,,,,50.65205588,,,37.01,37.01,UNKNOWN,,2025-10-19 5:18:44,0
2025-10-19 8:17:52,Strangles,"MicroStrategy, Inc.",MSTR,17.05,2025-10-30 0:00:00,3,2025-10-13 0:00:00,2025-10-31 0:00:00,289.87,0.0641,0.0623,310,270,8,9.05,0.0588,Strategy Inc Class A,289.87,2.12,292.8,279,542.99,197.1,13110673,9550967,83224168480,25.5,3.83,56.95792877,1.372706345,-4.895173726,-15.91878173,3.795609983,12,,,,,,,,,,,,67.72706345,,,289.87,289.87,UNKNOWN,,2025-10-19 5:18:44,0
2025-10-19 8:17:52,Strangles,Flutter Entertainment,FLUT,17.5,2025-11-12 0:00:00,2,2025-10-13 0:00:00,2025-11-21 0:00:00,251.86,0.026,,260,240,9.9,7.6,0.0694,Flutter Entertainment PLC,251.86,0.8,253,248.16,313.69,196.88,2140413,3199447,44178586405,124.95,1.11,42.30596533,0.6689946731,3.997027005,-10.79233521,0.8933221167,33,,,,,,,,,,,,70,,,251.86,251.86,UNKNOWN,,2025-10-19 5:18:44,0
2025-10-19 8:17:52,Strangles,Keurig Dr Pepper,KDP,1.55,2025-10-27 0:00:00,1,2025-09-25 11:19:02,2025-11-21 0:00:00,28.03,0.0258,0.0678,29,27,0.85,0.7,0.0552,Keurig Dr Pepper Inc,28.03,1.12,28.13,27.5,37.27,25.03,23230597,23707282,38076933982,24.87,0.42,25.4074042,0.9798928869,8.55925639,3.393581704,1.009009009,33,,,,,,,,,,,,70,,,28.03,28.03,UNKNOWN,,2025-10-19 5:18:44,0
2025-10-19 8:17:52,Strangles,"Pfizer, Inc.",PFE,0.7,2025-11-04 0:00:00,1,2025-09-23 10:17:19,2025-11-07 0:00:00,24.51,0.0322,,25.5,23.5,0.32,0.38,0.0285,Pfizer Inc,24.51,1.16,24.53,24.16,29.37,20.92,40101861,62945613,139352831801,13.01,0.54,35.02740283,0.6370874647,-1.089588378,1.49068323,1.280991736,19,,,,,,,,,,,,70,,,24.51,24.51,UNKNOWN,,2025-10-19 5:18:44,0
2025-10-19 8:17:52,Strangles,"Alaska Air Group, Inc.",ALK,3.25,2025-10-23 0:00:00,3,2025-10-06 17:42:26,2025-11-21 0:00:00,47.31,0.0502,0.1067,50,42.5,2.05,1.2,0.0686,Alaska Air Group Inc,47.31,-0.98,47.98,47.07,78.08,39.79,2223675,5103268,5455335182,19.21,1.4,36.28899907,0.4357354934,0.1905972046,-17.57839721,-0.8799497172,33,,,,,,,,,,,,70,,,47.31,47.31,UNKNOWN,,2025-10-19 5:18:44,0
2025-10-19 8:17:52,Strangles,Arcturus Therapeutics,ARCT,8.1,2025-11-10 0:00:00,3,,2025-11-21 0:00:00,20.66,0.0807,,22.5,17.5,4.6,3.5,0.392,Arcturus Therapeutics Holdings Inc,20.66,-4.92,22.13,20.4,23.6,8.04,647327,1476248,561012379,,2.39,91.00091822,0.4384947516,9.023746702,5.300713558,-3.548085901,33,,,,,,,,,,,,70,,,20.66,20.66,UNKNOWN,,2025-10-19 5:18:44,0
2025-10-19 8:17:52,Strangles,"Freeport-McMoRan Copper & Gold, Inc.",FCX,1.2,2025-10-23 0:00:00,1,2025-10-10 9:11:52,2025-10-24 0:00:00,41.18,0.0256,0.058,42.5,40,0.58,0.62,0.0291,Freeport-McMoRan Inc,41.18,-1.25,41.99,40.71,50.12,27.66,14027524,26706833,59125173758,30.9,1.58,71.18613118,0.5252410123,0.7338551859,-8.36671117,-1.009615385,5,,,,,,,,,,,,50,,,41.18,41.18,UNKNOWN,,2025-10-19 5:18:44,0
2025-10-19 8:17:52,Strangles,Elevance Health ,ELV,16.3,2025-10-21 0:00:00,1,2025-09-30 8:50:03,2025-11-21 0:00:00,348.77,0.0613,0.077,380,320,8.8,7.5,0.0467,Elevance Health Inc,348.77,0.17,351.21,345.93,458.75,273.71,1440079,1725369,78535440000,,0.59,26.02741197,0.8346498633,-1.265428604,11.17592681,0.06598955644,33,,,,,,,,,,,,70,,,348.77,348.77,UNKNOWN,,2025-10-19 5:18:44,0
2025-10-19 8:17:52,Strangles,PayPal,PYPL,3.31,2025-10-28 0:00:00,1,2025-10-09 8:04:47,2025-10-31 0:00:00,67.41,0.0632,0.0579,72,63,1.75,1.56,0.0491,PayPal Holdings Inc,67.41,2.06,67.71,65.45,93.64,55.85,11151457,16769862,64402054701,14.43,1.44,40.06399195,0.6649701113,-3.479381443,-1.187335092,2.853219408,12,,,,,,,,,,,,64,,,67.41,67.41,UNKNOWN,,2025-10-19 5:18:44,0
2025-10-19 8:17:52,Strangles,VF Corp.,VFC,0.91,2025-10-28 0:00:00,1,2025-10-07 16:32:35,2025-10-31 0:00:00,14.28,0.0987,0.0924,16,12.5,0.51,0.4,0.0637,VF Corp,14.28,0.78,14.38,13.99,29.02,9.41,5100502,5922600,5578003515,,1.76,45.94570581,0.8611930571,7.449209932,-1.108033241,1.564722617,12,,,,,,,,,,,,64,,,14.28,14.28,UNKNOWN,,2025-10-19 5:18:44,0
2025-10-19 8:17:52,Strangles,"Netflix, Inc.",NFLX,34.65,2025-10-21 0:00:00,3,2025-10-17 7:02:08,2025-10-24 0:00:00,1199.36,0.0633,0.0809,1280,1120,18.25,16.4,0.0288,Netflix Inc,1199.36,1.33,1203.12,1178.95,1341.15,736.23,2957101,2968596,509639600943,51.11,1.59,22.36979131,0.9961277991,-1.698249295,-2.250258768,1.331530923,5,,,,,,,,,,,,50,,,1199.36,1199.36,UNKNOWN,,2025-10-19 5:18:44,0
2025-10-19 8:17:52,Strangles,"UnitedHealth Group, Inc.",UNH,6.58,2025-10-28 0:00:00,1,2025-10-17 7:02:08,2025-10-31 0:00:00,356.6,0.0929,0.0451,390,320,3.8,2.78,0.0184,UnitedHealth Group Inc,356.6,-0.02,358.39,350.83,630.73,234.6,8608378,7181663,322963175627,15.44,0.47,32.33351068,1.198660812,0.5923836389,5.913451543,1.595441595,12,,,,,,,,,,,,65.98660812,,,356.6,356.6,UNKNOWN,,2025-10-19 5:18:44,0
2025-10-19 8:17:52,Strangles,"Agnico-Eagle Mines, Ltd",AEM,9.5,2025-10-29 0:00:00,3,2025-09-30 8:24:21,2025-10-31 0:00:00,174.49,0.0186,0.0504,180,170,4.8,4.7,0.0544,Agnico Eagle Mines Ltd,174.49,-5.95,182.2,170.43,187.5,75.17,4081908,2834546,96090633983,29.68,0.46,38.09498156,1.440057067,6.150383258,8.251132204,-4.094756513,12,,,,,,,,,,,,68.40057067,,,174.49,174.49,UNKNOWN,,2025-10-19 5:18:44,0
2025-10-19 8:17:52,Strangles,NIOCORP DEVLPMT,NB,2.25,2025-11-12 0:00:00,1,,2025-11-21 0:00:00,8.11,0.0268,,10,7.5,1.05,1.2,0.2774,NioCorp Developments Ltd,8.11,-2.29,8.94,7.95,12.58,1.27,12218502,17694549,909500777,,-0.06,115.9837092,0.6905235053,-21.94417709,38.16013629,1.375,33,,,,,,,,,,,,70,,,8.11,8.11,UNKNOWN,,2025-10-19 5:18:44,0
2025-10-19 8:17:52,Strangles,"Tesla, Inc.",TSLA,6.26,2025-10-22 0:00:00,3,2025-10-02 9:04:29,2025-10-24 0:00:00,439.31,0.1046,0.0794,487.5,390,3.55,2.71,0.0142,Tesla Inc,439.31,2.46,441.46,423.6,488.54,212.11,89331578,85324878,1376564698049,254.62,2.08,52.49011402,1.046958169,6.244407362,3.107470603,3.24559342,5,,,,,,,,,,,,50.46958169,,,439.31,439.31,UNKNOWN,,2025-10-19 5:18:44,0
2025-10-19 8:17:52,Strangles,"Amazon.com, Inc.",AMZN,8.1,2025-10-30 0:00:00,3,2025-10-16 16:08:51,2025-10-31 0:00:00,213.04,0.0495,0.0506,225,200,4.4,3.7,0.038,Amazon.com Inc,213.04,-0.67,214.8,211.03,242.52,161.43,45986944,43690876,2272052354797,32.51,1.28,25.22118886,1.052552574,-1.539030365,-7.966130983,-0.7084265474,12,,,,,,,,,,,,64.52552574,,,213.04,213.04,UNKNOWN,,2025-10-19 5:18:44,0
2025-10-19 8:17:52,Strangles,Alphabet Inc.,GOOGL,9.5,2025-10-29 0:00:00,3,2025-10-09 8:02:59,2025-10-31 0:00:00,253.3,0.0468,0.0475,267.5,240,4.85,4.65,0.0375,Alphabet Inc Class A,253.3,0.73,254.22,247.81,256.96,140.53,29671629,28894653,3065707667935,27.39,1,23.2412455,1.026889958,7.071902608,-0.5574748744,1.012920721,12,,,,,,,,,,,,64.26889958,,,253.3,253.3,UNKNOWN,,2025-10-19 5:18:44,0
2025-10-19 8:17:52,Strangles,Biohaven Pharmaceutical Holding Company Ltd.,BHVN,8.5,2025-11-10 0:00:00,3,,2025-11-21 0:00:00,15.95,0.0841,,17.5,12.5,5.1,3.4,0.5329,Biohaven Ltd,15.95,-3.22,16.68,15.81,54.98,12.79,1628993,2050513,1687366429,,3.42,83.40564334,0.79443193,0.9493670886,11.38268156,-1.96681008,33,,,,,,,,,,,,70,,,15.95,15.95,UNKNOWN,,2025-10-19 5:18:44,0
2025-10-19 8:17:52,Strangles,Toast,TOST,2.86,2025-11-10 0:00:00,3,,2025-11-14 0:00:00,37.5,0.0828,,41,34,1.52,1.34,0.0762,Toast Inc,37.5,0.27,37.86,36.87,49.66,28.12,4245611,6849296,21862500000,102.46,1.94,35.52955183,0.6198609317,7.204116638,-8.82567469,1.132686084,26,,,,,,,,,,,,70,,,37.5,37.5,UNKNOWN,,2025-10-19 5:18:44,0
2025-10-19 8:17:52,Strangles,"Apple, Inc.",AAPL,7.2,2025-10-30 0:00:00,3,2025-10-05 16:55:34,2025-10-31 0:00:00,252.29,0.0248,0.0339,260,245,3.6,3.6,0.0285,Apple Inc,252.29,1.96,253.38,247.27,260.09,169.21,49146961,44664118,3744081893463,38.35,1.09,25.36146078,1.100367884,2.862151914,2.765784114,1.721635352,12,,,,,,,,,,,,65.00367884,,,252.29,252.29,UNKNOWN,,2025-10-19 5:18:44,0
2025-10-19 8:17:52,Strangles,Walt Disney Co,DIS,3.81,2025-11-13 0:00:00,1,2025-10-01 16:03:12,2025-11-14 0:00:00,110.67,0.0601,,118,104,1.88,1.93,0.0344,Walt Disney Co,110.67,0.72,111.46,109.44,124.69,80.1,10090543,6141223,198977352487,17.35,1.54,14.12626565,1.643083633,1.355435479,-3.647919206,0.8474576271,26,,,,,,,,,,,,76.43083633,,,110.67,110.67,UNKNOWN,,2025-10-19 5:18:44,0
2025-10-19 8:17:52,Strangles,"Applied Materials, Inc.",AMAT,14.5,2025-11-17 0:00:00,3,,2025-11-21 0:00:00,224.99,0.0658,,240,210,7.6,6.9,0.0644,Applied Materials Inc,224.99,-1.2,227.36,222.7,232.07,123.74,5272810,7891854,179236555453,26.85,1.82,45.27052099,0.6681332422,7.163610383,18.35349816,-0.6535081909,33,,,,,,,,,,,,70,,,224.99,224.99,UNKNOWN,,2025-10-19 5:18:44,0
2025-10-19 8:17:52,Strangles,Charter Communications Inc.,CHTR,13.3,2025-10-31 0:00:00,1,2025-09-22 16:48:46,2025-11-07 0:00:00,253.16,0.1046,0.0766,280,225,7.5,5.8,0.0525,Charter Communications Inc,253.16,-0.85,256.6,251.23,437,251.23,1727607,1341127,34579352744,6.75,1.05,27.38454059,1.288175542,-2.439400362,-3.436701377,-0.5655930872,19,,,,,,,,,,,,72.88175542,,,253.16,253.16,UNKNOWN,,2025-10-19 5:18:44,0
2025-10-19 8:17:52,Strangles,Coca-Cola Company,KO,0.86,2025-10-21 0:00:00,1,2025-09-29 11:58:13,2025-10-24 0:00:00,68.44,0.0148,0.0313,70,67,0.42,0.44,0.0125,Coca-Cola Co,68.44,1.26,68.5,67.8,74.38,60.62,15541769,14333320,294542979986,24.25,0.43,12.34537796,1.084310474,2.088305489,3.025741382,0.6470588235,5,,,,,,,,,,,,50.84310474,,,68.44,68.44,UNKNOWN,,2025-10-19 5:18:44,0
2025-10-19 8:17:52,Strangles,"Rivian Automotive, Inc.",RIVN,1.08,2025-11-04 0:00:00,3,2025-10-02 18:00:16,2025-11-07 0:00:00,13.03,0.0452,,14,12,0.61,0.47,0.0828,Rivian Automotive Inc,13.03,0.93,13.22,12.87,17.14,9.5,24003756,29514117,15811040000,,1.82,44.76504093,0.8132974468,1.796875,-11.23978202,1.007751938,19,,,,,,,,,,,,70,,,13.03,13.03,UNKNOWN,,2025-10-19 5:18:44,0
2025-10-19 8:17:52,Strangles,"Robinhood Markets, Inc.",HOOD,11.2,2025-11-05 0:00:00,3,2025-10-02 14:49:09,2025-11-07 0:00:00,129.91,0.0757,,140,120,5.75,5.45,0.0862,Robinhood Markets Inc,129.91,-1.16,131.21,125.6,153.86,23,25237067,28116986,115447824468,66.22,2.42,69.79729439,0.8975736944,-6.512665515,4.111235775,1.365480649,19,,,,,,,,,,,,70,,,129.91,129.91,UNKNOWN,,2025-10-19 5:18:44,0
2025-10-20 8:17:51,Strangles,"Meta Platforms, Inc.",META,25.15,2025-10-29 0:00:00,3,2025-10-01 17:49:50,2025-10-31 0:00:00,716.915,0.0609,0.0458,765,670,12.5,12.65,0.035
2025-10-20 8:17:51,Strangles,Amphenol Corp.,APH,8.5,2025-10-22 0:00:00,1,2025-09-22 8:31:22,2025-11-21 0:00:00,125.65,0.0449,0.0879,135,120,3.9,4.6,0.0676
2025-10-20 8:17:51,Strangles,"Home Depot, Inc.",HD,18.8,2025-11-18 0:00:00,1,2025-10-12 9:51:01,2025-11-21 0:00:00,391.9,0.0154,,400,385,9.7,9.1,0.0479
2025-10-20 8:17:51,Strangles,Elevance Health ,ELV,16.3,2025-10-21 0:00:00,1,2025-09-30 8:50:03,2025-11-21 0:00:00,348.77,0.0613,0.077,380,320,8.8,7.5,0.0467
2025-10-20 8:17:51,Strangles,PayPal,PYPL,3.31,2025-10-28 0:00:00,1,2025-10-09 8:04:47,2025-10-31 0:00:00,67.41,0.0632,0.0579,72,63,1.75,1.56,0.0491
2025-10-20 8:17:51,Strangles,VF Corp.,VFC,0.91,2025-10-28 0:00:00,1,2025-10-07 16:32:35,2025-10-31 0:00:00,14.28,0.0987,0.0924,16,12.5,0.51,0.4,0.0637
2025-10-20 8:17:51,Strangles,"Freeport-McMoRan Copper & Gold, Inc.",FCX,1.2,2025-10-23 0:00:00,1,2025-10-10 9:11:52,2025-10-24 0:00:00,41.18,0.0256,0.058,42.5,40,0.58,0.62,0.0291
2025-10-20 8:17:51,Strangles,"Netflix, Inc.",NFLX,34.65,2025-10-21 0:00:00,3,2025-10-17 7:02:08,2025-10-24 0:00:00,1199.36,0.0633,0.0809,1280,1120,18.25,16.4,0.0288
2025-10-20 8:17:51,Strangles,Intel Corp.,INTC,1.63,2025-10-23 0:00:00,3,2025-10-08 16:31:06,2025-10-24 0:00:00,37.01,0.102,0.1229,41,33,1.01,0.62,0.044
2025-10-20 8:17:51,Strangles,Flutter Entertainment,FLUT,17.5,2025-11-12 0:00:00,2,2025-10-13 0:00:00,2025-11-21 0:00:00,251.86,0.026,,260,240,9.9,7.6,0.0694
2025-10-20 8:17:51,Strangles,Keurig Dr Pepper,KDP,1.55,2025-10-27 0:00:00,1,2025-09-25 11:19:02,2025-11-21 0:00:00,28.03,0.0258,0.0678,29,27,0.85,0.7,0.0552
2025-10-20 8:17:51,Strangles,"Alaska Air Group, Inc.",ALK,3.25,2025-10-23 0:00:00,3,2025-10-06 17:42:26,2025-11-21 0:00:00,47.31,0.0502,0.1067,50,42.5,2.05,1.2,0.0686
2025-10-20 8:17:51,Strangles,Arcturus Therapeutics,ARCT,8.1,2025-11-10 0:00:00,3,,2025-11-21 0:00:00,20.66,0.0807,,22.5,17.5,4.6,3.5,0.392
2025-10-20 8:17:51,Strangles,"Pfizer, Inc.",PFE,0.7,2025-11-04 0:00:00,1,2025-09-23 10:17:19,2025-11-07 0:00:00,24.51,0.0322,,25.5,23.5,0.32,0.38,0.0285
2025-10-20 8:17:51,Strangles,"MicroStrategy, Inc.",MSTR,17.05,2025-10-30 0:00:00,3,2025-10-13 0:00:00,2025-10-31 0:00:00,289.87,0.0641,0.0623,310,270,8,9.05,0.0588
2025-10-20 8:17:51,Strangles,"Rivian Automotive, Inc.",RIVN,1.08,2025-11-04 0:00:00,3,2025-10-02 18:00:16,2025-11-07 0:00:00,13.03,0.0452,,14,12,0.61,0.47,0.0828
2025-10-20 8:17:51,Strangles,"Robinhood Markets, Inc.",HOOD,11.2,2025-11-05 0:00:00,3,2025-10-02 14:49:09,2025-11-07 0:00:00,129.91,0.0757,,140,120,5.75,5.45,0.0862
2025-10-20 8:17:51,Strangles,"Apple, Inc.",AAPL,7.2,2025-10-30 0:00:00,3,2025-10-05 16:55:34,2025-10-31 0:00:00,252.29,0.0248,0.0339,260,245,3.6,3.6,0.0285
2025-10-20 8:17:51,Strangles,Walt Disney Co,DIS,3.81,2025-11-13 0:00:00,1,2025-10-01 16:03:12,2025-11-14 0:00:00,110.67,0.0601,,118,104,1.88,1.93,0.0344
2025-10-20 8:17:51,Strangles,"Applied Materials, Inc.",AMAT,14.5,2025-11-17 0:00:00,3,,2025-11-21 0:00:00,224.99,0.0658,,240,210,7.6,6.9,0.0644
2025-10-20 8:17:51,Strangles,Charter Communications Inc.,CHTR,13.3,2025-10-31 0:00:00,1,2025-09-22 16:48:46,2025-11-07 0:00:00,253.16,0.1046,0.0766,280,225,7.5,5.8,0.0525
2025-10-20 8:17:51,Strangles,Coca-Cola Company,KO,0.86,2025-10-21 0:00:00,1,2025-09-29 11:58:13,2025-10-24 0:00:00,68.44,0.0148,0.0313,70,67,0.42,0.44,0.0125
2025-10-20 8:17:51,Strangles,Toast,TOST,2.86,2025-11-10 0:00:00,3,,2025-11-14 0:00:00,37.5,0.0828,,41,34,1.52,1.34,0.0762
2025-10-20 8:17:51,Strangles,Alphabet Inc.,GOOGL,9.5,2025-10-29 0:00:00,3,2025-10-09 8:02:59,2025-10-31 0:00:00,253.3,0.0468,0.0475,267.5,240,4.85,4.65,0.0375
2025-10-20 8:17:51,Strangles,Biohaven Pharmaceutical Holding Company Ltd.,BHVN,8.5,2025-11-10 0:00:00,3,,2025-11-21 0:00:00,15.95,0.0841,,17.5,12.5,5.1,3.4,0.5329
2025-10-20 8:17:51,Strangles,"UnitedHealth Group, Inc.",UNH,6.58,2025-10-28 0:00:00,1,2025-10-17 7:02:08,2025-10-31 0:00:00,356.6,0.0929,0.0451,390,320,3.8,2.78,0.0184
2025-10-20 8:17:51,Strangles,"Agnico-Eagle Mines, Ltd",AEM,9.5,2025-10-29 0:00:00,3,2025-09-30 8:24:21,2025-10-31 0:00:00,174.49,0.0186,0.0504,180,170,4.8,4.7,0.0544
2025-10-20 8:17:51,Strangles,NIOCORP DEVLPMT,NB,2.25,2025-11-12 0:00:00,1,,2025-11-21 0:00:00,8.11,0.0268,,10,7.5,1.05,1.2,0.2774
2025-10-20 8:17:51,Strangles,"Tesla, Inc.",TSLA,6.26,2025-10-22 0:00:00,3,2025-10-02 9:04:29,2025-10-24 0:00:00,439.31,0.1046,0.0794,487.5,390,3.55,2.71,0.0142
2025-10-20 8:17:51,Strangles,"Amazon.com, Inc.",AMZN,8.1,2025-10-30 0:00:00,3,2025-10-16 16:08:51,2025-10-31 0:00:00,213.04,0.0495,0.0506,225,200,4.4,3.7,0.038
2025-10-20 8:17:51,Strangles,Quantumscape Corp,QS,1.51,2025-10-22 0:00:00,3,2025-10-08 16:35:04,2025-10-24 0:00:00,15.36,0.0822,0.1862,17,14,0.8,0.71,0.0983
2025-10-20 8:17:51,Strangles,Google,GOOG,9.5,2025-10-29 0:00:00,3,2025-10-09 8:03:15,2025-10-31 0:00:00,253.79,0.0453,0.0473,267.5,240,5.05,4.45,0.0374
2025-10-20 8:17:51,Strangles,"Rocket Lab USA, Inc.",RKLB,14.35,2025-11-12 0:00:00,3,,2025-11-14 0:00:00,66.27,0.0109,,67,65,7.5,6.85,0.2165
2025-10-21 8:18:13,Strangles,Supermicro,SMCI,4.34,2025-11-04 0:00:00,3,,2025-11-07 0:00:00,55.04,0.1048,0.094,61,49,2.38,1.96,0.0788
2025-10-21 8:18:13,Strangles,Google,GOOG,9.45,2025-10-29 0:00:00,3,2025-10-09 8:03:15,2025-10-31 0:00:00,257.02,0.0453,0.0777,270,245,4.9,4.55,0.0367
2025-10-21 8:18:13,Strangles,Sm Energy Company,SM,1.8,2025-11-04 0:00:00,3,2025-10-13 16:17:03,2025-11-21 0:00:00,21.26,0.0523,0.1305,22.5,20,0.9,0.9,0.0846
2025-10-21 8:18:13,Strangles,uniQure N.V.,QURE,7.4,2025-11-03 0:00:00,1,,2025-11-21 0:00:00,63.92,0.05,0.1439,70,60,3.8,3.6,0.1157
2025-10-21 8:18:13,Strangles,Intel Corp.,INTC,1.27,2025-10-23 0:00:00,3,2025-10-08 16:31:06,2025-10-24 0:00:00,38.1,0.102,0.107,42,34,0.84,0.43,0.0333
2025-10-21 8:18:13,Strangles,Ondas Holdings Inc.,ONDS,1.45,2025-11-17 0:00:00,1,,2025-11-21 0:00:00,7.77,0.117,,9,6.5,0.85,0.6,0.1866
2025-10-21 8:18:13,Strangles,SoFi,SOFI,2.4,2025-10-28 0:00:00,1,2025-10-01 9:09:26,2025-10-31 0:00:00,28.68,0.0592,0.1461,30.5,26.5,1.32,1.08,0.0836
2025-10-21 8:18:13,Strangles,Amphenol Corp.,APH,7.5,2025-10-22 0:00:00,1,2025-09-22 8:31:22,2025-11-21 0:00:00,127.67,0.0449,0.0822,135,120,4,3.5,0.0587
2025-10-21 8:18:13,Strangles,NIOCORP DEVLPMT,NB,2.3,2025-11-12 0:00:00,1,,2025-11-21 0:00:00,9.71,0.0268,,10,7.5,1.65,0.65,0.2368
2025-10-21 8:18:13,Strangles,"Meta Platforms, Inc.",META,22.75,2025-10-29 0:00:00,3,2025-10-01 17:49:50,2025-10-31 0:00:00,732.17,0.0609,0.0825,780,685,11.75,11,0.031
2025-10-21 8:18:13,Strangles,Ferrari N.V.,RACE,9.8,2025-11-04 0:00:00,1,,2025-11-21 0:00:00,398.31,0.0592,0.0562,430,370,5,4.8,0.0246
2025-10-21 8:18:13,Strangles,Microsoft Corp.,MSFT,9,2025-10-29 0:00:00,3,2025-10-08 16:08:12,2025-10-31 0:00:00,516.79,0.0445,0.0523,540,490,5.15,3.85,0.0174
2025-10-21 8:18:13,Strangles,"Quanta Services, Inc.",PWR,25.7,2025-10-30 0:00:00,1,2025-10-14 13:41:42,2025-11-21 0:00:00,440.74,0.0375,0.0649,460,420,13.9,11.8,0.0583
2025-10-21 8:18:13,Strangles,"MicroStrategy, Inc.",MSTR,12.7,2025-10-30 0:00:00,3,2025-10-13 0:00:00,2025-10-31 0:00:00,296.61,0.0641,0.0966,317.5,277.5,5.95,6.75,0.0428
2025-10-21 8:18:13,Strangles,"Apple, Inc.",AAPL,6.95,2025-10-30 0:00:00,3,2025-10-05 16:55:34,2025-10-31 0:00:00,262.24,0.0248,0.0512,270,255,3.5,3.45,0.0265
2025-10-21 8:18:13,Strangles,"Marathon Digital Holdings, Inc.",MARA,2.68,2025-11-10 0:00:00,3,,2025-11-14 0:00:00,20.73,0.08,,22.5,19,1.5,1.18,0.1292
2025-10-21 8:18:13,Strangles,"Amazon.com, Inc.",AMZN,7.8,2025-10-30 0:00:00,3,2025-10-16 16:08:51,2025-10-31 0:00:00,216.48,0.0495,0.079,227.5,205,4.2,3.6,0.036
2025-10-21 8:18:13,Strangles,"Teradyne, Inc.",TER,8.8,2025-10-28 0:00:00,3,2025-10-15 17:01:20,2025-11-21 0:00:00,139.19,0.0973,0.092,155,125,4.7,4.1,0.0632
2025-10-21 8:18:13,Strangles,Boeing Co.,BA,7.05,2025-10-29 0:00:00,1,2025-10-01 16:03:41,2025-10-31 0:00:00,216.82,0.0309,0.0648,225,210,3.45,3.6,0.0325
2025-10-21 8:18:13,Strangles,Alphabet Inc.,GOOGL,8.75,2025-10-29 0:00:00,3,2025-10-09 8:02:59,2025-10-31 0:00:00,256.55,0.0468,0.0766,270,242.5,4.75,4,0.0341
2025-10-21 8:18:13,Strangles,Walmart Inc.,WMT,2.85,2025-11-20 0:00:00,1,2025-10-12 9:50:29,2025-11-21 0:00:00,107.05,0.0468,,113,102,1.35,1.5,0.0266
2025-10-21 8:18:13,Strangles,"Cisco Systems, Inc.",CSCO,2.55,2025-11-12 0:00:00,3,2025-10-11 8:26:56,2025-11-14 0:00:00,70.65,0.0335,,74,68,1.18,1.37,0.036
2025-10-21 8:18:13,Strangles,Navitas Semiconductor Corp,NVTS,3.45,2025-11-03 0:00:00,3,2025-10-07 17:25:38,2025-11-07 0:00:00,17.1,0.1093,0.1944,19,15,1.95,1.5,0.2017
2025-10-21 8:18:13,Strangles,"Tesla, Inc.",TSLA,5.21,2025-10-22 0:00:00,3,2025-10-02 9:04:29,2025-10-24 0:00:00,447.43,0.1046,0.0735,495,400,2.95,2.26,0.0116
2025-10-21 8:18:13,Strangles,"Riot Platforms, Inc. ",RIOT,1.59,2025-10-30 0:00:00,3,2025-10-16 9:32:25,2025-10-31 0:00:00,22.01,0.0928,0.169,24.5,19.5,0.9,0.69,0.0722
2025-10-22 8:17:42,Strangles,Cameco Corp.,CCJ,5.78,2025-11-03 0:00:00,1,,2025-11-07 0:00:00,82.77,0.0325,0.0577,86,80,3,2.78,0.0698
2025-10-22 8:17:42,Strangles,"Palo Alto Networks, Inc.",PANW,11.45,2025-11-20 0:00:00,3,,2025-11-21 0:00:00,214.4,0.0382,,225,205,5.9,5.55,0.0534
2025-10-22 8:17:42,Strangles,Google,GOOG,8.3,2025-10-29 0:00:00,3,2025-10-09 8:03:15,2025-10-31 0:00:00,251.34,0.0453,0.077,265,237.5,4.5,3.8,0.033
2025-10-22 8:17:42,Strangles,"UnitedHealth Group, Inc.",UNH,4.93,2025-10-28 0:00:00,1,2025-10-17 7:02:08,2025-10-31 0:00:00,365.37,0.0929,0.0747,400,330,2.7,2.23,0.0134
2025-10-22 8:17:42,Strangles,SoFi,SOFI,2.48,2025-10-28 0:00:00,1,2025-10-01 9:09:26,2025-10-31 0:00:00,28.75,0.0592,0.1419,30.5,27,1.29,1.19,0.0862
2025-10-22 8:17:42,Strangles,Boeing Co.,BA,7.15,2025-10-29 0:00:00,1,2025-10-01 16:03:41,2025-10-31 0:00:00,217.26,0.0309,0.0646,225,210,3.6,3.55,0.0329
2025-10-22 8:17:42,Strangles,Walmart Inc.,WMT,2.77,2025-11-20 0:00:00,1,2025-10-12 9:50:29,2025-11-21 0:00:00,106.22,0.0468,,112,101,1.4,1.37,0.026
2025-10-22 8:17:42,Strangles,Navitas Semiconductor Corp,NVTS,2.55,2025-11-03 0:00:00,3,2025-10-07 17:25:38,2025-11-07 0:00:00,15.03,0.1093,0.1913,17,13,1.5,1.05,0.1696
2025-10-22 8:17:42,Strangles,"Beyond Meat, Inc.",BYND,2.38,2025-11-04 0:00:00,3,2025-10-21 16:09:57,2025-11-07 0:00:00,3.62,0.1215,0.5221,4.5,3,1.3,1.08,0.6574
2025-10-22 8:17:42,Strangles,"Liquidia Technologies, Inc.",LQDA,7.6,2025-11-10 0:00:00,1,,2025-11-21 0:00:00,23.59,0.0419,,25,22.5,3.9,3.7,0.3221
2025-10-22 8:17:42,Strangles,Intel Corp.,INTC,1.07,2025-10-23 0:00:00,3,2025-10-08 16:31:06,2025-10-24 0:00:00,38.12,0.102,0.1043,42.5,34,0.65,0.42,0.028
2025-10-22 8:17:42,Strangles,Alphabet Inc.,GOOGL,9.1,2025-10-29 0:00:00,3,2025-10-09 8:02:59,2025-10-31 0:00:00,250.46,0.0468,0.0776,262.5,237.5,5,4.1,0.0363
2025-10-22 8:17:42,Strangles,"Meta Platforms, Inc.",META,21.1,2025-10-29 0:00:00,3,2025-10-01 17:49:50,2025-10-31 0:00:00,733.27,0.0609,0.0805,780,685,11.15,9.95,0.0287
2025-10-22 8:17:42,Strangles,Microsoft Corp.,MSFT,8.15,2025-10-29 0:00:00,3,2025-10-08 16:08:12,2025-10-31 0:00:00,517.66,0.0445,0.0524,542.5,490,4.6,3.55,0.0157
2025-10-22 8:17:42,Strangles,"Capricor Therapeutics, Inc.",CAPR,2.8,2025-11-12 0:00:00,3,,2025-11-21 0:00:00,6.37,0.0803,,7.5,5,1.65,1.15,0.4395
2025-10-22 8:17:42,Strangles,"Robinhood Markets, Inc.",HOOD,9.35,2025-11-05 0:00:00,3,2025-10-02 14:49:09,2025-11-07 0:00:00,131.84,0.0757,0.0736,142,121,5.05,4.3,0.0709
2025-10-22 8:17:42,Strangles,PayPal,PYPL,2.79,2025-10-28 0:00:00,1,2025-10-09 8:04:47,2025-10-31 0:00:00,70.05,0.0632,0.0978,75,65,1.54,1.25,0.0398
2025-10-22 8:17:42,Strangles,Embraer,ERJ,2.65,2025-11-04 0:00:00,2,2025-10-07 0:00:00,2025-11-21 0:00:00,63.83,0.0514,0.1104,70,60,1.1,1.55,0.0415
2025-10-22 8:17:42,Strangles,Arcturus Therapeutics,ARCT,9.5,2025-11-10 0:00:00,3,,2025-11-21 0:00:00,23.16,0.0807,,30,20,4.8,4.7,0.4101
2025-10-22 8:17:42,Strangles,"Rivian Automotive, Inc.",RIVN,1.22,2025-11-04 0:00:00,3,2025-10-02 18:00:16,2025-11-07 0:00:00,13.2,0.0452,0.0962,14,12.5,0.63,0.59,0.0924
2025-10-22 8:17:42,Strangles,"Apple, Inc.",AAPL,6.26,2025-10-30 0:00:00,3,2025-10-05 16:55:34,2025-10-31 0:00:00,262.77,0.0248,0.0477,270,255,3.3,2.96,0.0238
2025-10-22 8:17:42,Strangles,"Advanced Micro Devices, Inc.",AMD,14.9,2025-11-04 0:00:00,3,2025-10-07 13:47:12,2025-11-07 0:00:00,238.03,0.0639,0.0667,255,222.5,7.7,7.2,0.0625
2025-10-22 8:17:42,Strangles,"Amazon.com, Inc.",AMZN,6.95,2025-10-30 0:00:00,3,2025-10-16 16:08:51,2025-10-31 0:00:00,222.03,0.0495,0.0765,235,210,3.6,3.35,0.0313
2025-10-23 8:17:47,Strangles,Alphabet Inc.,GOOGL,8.3,2025-10-29 0:00:00,3,2025-10-09 8:02:59,2025-10-31 0:00:00,251.69,0.0468,0.0758,265,237.5,4.55,3.75,0.0329
2025-10-23 8:17:47,Strangles,Starbucks Corp.,SBUX,2.92,2025-10-29 0:00:00,3,2025-10-15 17:04:48,2025-10-31 0:00:00,85.5,0.0549,0.0889,91,80,1.48,1.44,0.0341
2025-10-23 8:17:47,Strangles,"MicroStrategy, Inc.",MSTR,12.55,2025-10-30 0:00:00,3,2025-10-13 0:00:00,2025-10-31 0:00:00,280.81,0.0641,0.0989,300,262.5,5.95,6.6,0.0446
2025-10-23 8:17:47,Strangles,Google,GOOG,9,2025-10-29 0:00:00,3,2025-10-09 8:03:15,2025-10-31 0:00:00,252.53,0.0453,0.0765,265,240,4.8,4.2,0.0356
2025-10-23 8:17:47,Strangles,Centrus Energy Corp,LEU,42,2025-11-05 0:00:00,3,2025-10-15 7:44:26,2025-11-21 0:00:00,314.83,0.1634,0.1568,370,260,24,18,0.1334
2025-10-23 8:17:47,Strangles,Novo Nordisk A\/S,NVO,4.02,2025-11-05 0:00:00,1,,2025-11-07 0:00:00,53.38,0.0438,0.0717,56,51,2.15,1.87,0.0753
2025-10-23 8:17:47,Strangles,"Amazon.com, Inc.",AMZN,6.76,2025-10-30 0:00:00,3,2025-10-16 16:08:51,2025-10-31 0:00:00,217.95,0.0495,0.0769,230,205,3.8,2.96,0.031
2025-10-23 8:17:47,Strangles,SoFi,SOFI,2.46,2025-10-28 0:00:00,1,2025-10-01 9:09:26,2025-10-31 0:00:00,27.19,0.0592,0.1495,29,25.5,1.26,1.2,0.0904
2025-10-23 8:17:47,Strangles,"Riot Platforms, Inc. ",RIOT,1.44,2025-10-30 0:00:00,3,2025-10-16 9:32:25,2025-10-31 0:00:00,18.99,0.0928,0.1625,21,17,0.82,0.62,0.0758
2025-10-23 8:17:47,Strangles,Walmart Inc.,WMT,2.88,2025-11-20 0:00:00,1,2025-10-12 9:50:29,2025-11-21 0:00:00,107.14,0.0468,,113,102,1.41,1.47,0.0268
2025-10-23 8:17:47,Strangles,Alibaba Group Holding Ltd.,BABA,11.15,2025-11-14 0:00:00,1,,2025-11-21 0:00:00,165.86,0.0615,,177.5,155,6.1,5.05,0.0672
2025-10-23 8:17:47,Strangles,"Meta Platforms, Inc.",META,23.75,2025-10-29 0:00:00,3,2025-10-01 17:49:50,2025-10-31 0:00:00,733.41,0.0609,0.0816,780,687.5,12.15,11.6,0.0323
2025-10-23 8:17:47,Strangles,"Apple, Inc.",AAPL,5.8,2025-10-30 0:00:00,3,2025-10-05 16:55:34,2025-10-31 0:00:00,258.45,0.0248,0.047,265,250,3.25,2.55,0.0224
2025-10-23 8:17:47,Strangles,"Lowe's Companies, Inc.",LOW,10.4,2025-11-19 0:00:00,1,2025-10-20 6:49:27,2025-11-21 0:00:00,243.53,0.0193,,250,237.5,5.45,4.95,0.0427
2025-10-23 8:17:47,Strangles,"Baidu, Inc.",BIDU,9.55,2025-11-18 0:00:00,1,2025-10-21 7:50:00,2025-11-21 0:00:00,117.03,0.044,,123,111,5.25,4.3,0.0816
2025-10-23 8:17:47,Strangles,Sea Limited,SE,10.3,2025-11-17 0:00:00,1,,2025-11-21 0:00:00,156.74,0.0992,,172.5,140,5.9,4.4,0.0657
2025-10-23 8:17:47,Strangles,Microsoft Corp.,MSFT,8.95,2025-10-29 0:00:00,3,2025-10-08 16:08:12,2025-10-31 0:00:00,520.54,0.0445,0.0519,545,495,5,3.95,0.0171
2025-10-23 8:17:47,Strangles,Flutter Entertainment,FLUT,15.7,2025-11-12 0:00:00,2,2025-10-13 0:00:00,2025-11-21 0:00:00,252.34,0.026,,260,240,9,6.7,0.0622
2025-10-23 8:17:47,Strangles,Bitfarms Ltd. ,BITF,0.83,2025-11-12 0:00:00,1,,2025-11-14 0:00:00,3.94,0.1091,,4.5,3.5,0.43,0.4,0.2106
2025-10-23 8:17:47,Strangles,NIO Inc.,NIO,0.77,2025-11-17 0:00:00,1,,2025-11-21 0:00:00,6.84,0.0492,,7.5,6.5,0.37,0.4,0.1125
2025-10-23 8:17:47,Strangles,"Rivian Automotive, Inc.",RIVN,1.03,2025-11-04 0:00:00,3,2025-10-02 18:00:16,2025-11-07 0:00:00,12.92,0.0452,0.0998,14,12,0.55,0.48,0.0797
2025-10-23 8:17:47,Strangles,"Robinhood Markets, Inc.",HOOD,9.15,2025-11-05 0:00:00,3,2025-10-02 14:49:09,2025-11-07 0:00:00,127.22,0.0757,0.0735,137,117,4.85,4.3,0.0719
2025-10-24 8:17:46,Strangles,Palantir Technologies Inc.,PLTR,4.97,2025-11-03 0:00:00,3,2025-10-13 16:06:58,2025-11-07 0:00:00,180.48,0.1547,0.0733,210,152.5,2.7,2.27,0.0275
2025-10-24 8:17:46,Strangles,Arm Holdings plc ,ARM,9.5,2025-11-05 0:00:00,3,2025-10-06 9:14:08,2025-11-07 0:00:00,166.6,0.0752,0.0714,180,152.5,5.25,4.25,0.057
2025-10-24 8:17:46,Strangles,PayPal,PYPL,2.61,2025-10-28 0:00:00,1,2025-10-09 8:04:47,2025-10-31 0:00:00,69.66,0.0632,0.094,75,65,1.34,1.27,0.0374
2025-10-24 8:17:46,Strangles,Barrick Mining Corporation,B,2.41,2025-11-10 0:00:00,1,2025-10-09 7:42:39,2025-11-14 0:00:00,31.94,0.0252,,33,31,1.24,1.17,0.0754
2025-10-24 8:17:46,Strangles,Nuveen Arizona Dividend Advant,NXE,1.05,2025-11-14 0:00:00,1,,2025-11-21 0:00:00,8.43,0.0318,,9,8,0.55,0.5,0.1245
2025-10-24 8:17:46,Strangles,Google,GOOG,7.3,2025-10-29 0:00:00,3,2025-10-09 8:03:15,2025-10-31 0:00:00,253.73,0.0453,0.073,267.5,240,3.9,3.4,0.0287
2025-10-24 8:17:46,Strangles,"Advanced Micro Devices, Inc.",AMD,11.95,2025-11-04 0:00:00,3,2025-10-07 13:47:12,2025-11-07 0:00:00,234.99,0.0639,0.0619,252.5,217.5,6.5,5.45,0.0508
2025-10-24 8:17:46,Strangles,"Meta Platforms, Inc.",META,18.85,2025-10-29 0:00:00,3,2025-10-01 17:49:50,2025-10-31 0:00:00,734,0.0609,0.0738,780,687.5,9.95,8.9,0.0256
2025-10-24 8:17:46,Strangles,Alphabet Inc.,GOOGL,8.05,2025-10-29 0:00:00,3,2025-10-09 8:02:59,2025-10-31 0:00:00,253.08,0.0468,0.0715,265,240,4.4,3.65,0.0318
2025-10-24 8:17:46,Strangles,"Beyond Meat, Inc.",BYND,1.29,2025-11-04 0:00:00,3,2025-10-21 16:09:57,2025-11-07 0:00:00,2.84,0.1215,0.4454,3.5,2,0.85,0.44,0.4542
2025-10-24 8:17:46,Strangles,Microsoft Corp.,MSFT,8.2,2025-10-29 0:00:00,3,2025-10-08 16:08:12,2025-10-31 0:00:00,520.56,0.0445,0.0507,545,495,4.65,3.55,0.0157
2025-10-24 8:17:46,Strangles,"MicroStrategy, Inc.",MSTR,9.15,2025-10-30 0:00:00,3,2025-10-13 0:00:00,2025-10-31 0:00:00,284.92,0.0641,0.0858,305,265,4.3,4.85,0.0321
2025-10-24 8:17:46,Strangles,"Amazon.com, Inc.",AMZN,6.55,2025-10-30 0:00:00,3,2025-10-16 16:08:51,2025-10-31 0:00:00,221.09,0.0495,0.0711,232.5,210,3.55,3,0.0296
2025-10-24 8:17:46,Strangles,"Insmed, Inc.",INSM,13.4,2025-10-30 0:00:00,1,2025-10-15 7:18:46,2025-11-21 0:00:00,160.12,0.0214,0.0793,165,155,7,6.4,0.0836
2025-10-24 8:17:46,Strangles,Walmart Inc.,WMT,2.74,2025-11-20 0:00:00,1,2025-10-12 9:50:29,2025-11-21 0:00:00,106.86,0.0468,,112,101,1.51,1.23,0.0256
2025-10-24 8:17:46,Strangles,"Medtronic, Inc.",MDT,2.21,2025-11-18 0:00:00,1,2025-10-20 6:48:27,2025-11-21 0:00:00,94.21,0.0357,,98,90,1.17,1.04,0.0234
2025-10-24 8:17:46,Strangles,"Apple, Inc.",AAPL,4.77,2025-10-30 0:00:00,3,2025-10-05 16:55:34,2025-10-31 0:00:00,259.58,0.0248,0.0424,267.5,252.5,2.34,2.43,0.0183
2025-10-24 8:17:46,Strangles,"Agnico-Eagle Mines, Ltd",AEM,6,2025-10-29 0:00:00,3,2025-09-30 8:24:21,2025-10-31 0:00:00,164.67,0.0186,0.0692,170,160,2.9,3.1,0.0364
2025-10-24 8:17:46,Strangles,SoFi,SOFI,1.93,2025-10-28 0:00:00,1,2025-10-01 9:09:26,2025-10-31 0:00:00,28.08,0.0592,0.1319,30,26,1.05,0.88,0.0687
2025-10-24 8:17:46,Strangles,Clorox Co.,CLX,3.2,2025-11-03 0:00:00,3,2025-10-13 16:30:40,2025-11-21 0:00:00,116.33,0.0432,0.0701,125,110,1.5,1.7,0.0275